No,CrashID,Date,Time,Type,Damage,K,A,B,C,RoadSurf,Light,Weather,RdChar,TC_Dev,TC_Op,U1_veh,U1_speed,U1_dir,U1_mnvr,U1_obj,U2_veh,U2_speed,U2_dir,U2_mnvr,U3_veh,U3_speed,U3_dir,U3_mnvr
1,104908181,11/08/2016,19:02,ANGLE,3000,0,0,0,0,1,4,1,2,1,1,1,10,E,8,,1,45,S,4,,,,
2,105162557,07/16/2017,13:53,"REAR END, SLOW OR STOP",3500,0,0,0,0,1,1,1,1,1,1,4,5,E,4,,2,0,E,1,,,,
3,106032499,10/14/2019,07:59,"LEFT TURN, DIFFERENT ROADWAYS",6000,0,0,0,0,1,1,1,1,1,1,1,10,N,8,,2,35,S,4,,,,
4,106234219,05/23/2020,21:31,"RIGHT TURN, DIFFERENT ROADWAYS",10000,0,0,1,1,1,5,1,3,1,1,5,10,E,7,,4,45,S,4,,,,
5,106423994,12/01/2020,17:41,ANGLE,15000,0,0,1,2,1,2,1,1,13,1,2,0,W,4,,1,45,S,4,1,0,E,1
6,106442060,12/19/2020,17:44,"LEFT TURN, DIFFERENT ROADWAYS",3500,0,0,0,0,1,5,1,1,1,1,4,15,E,8,,1,45,S,4,,,,
7,106691473,08/24/2021,15:45,"RIGHT TURN, DIFFERENT ROADWAYS",3500,0,0,0,0,1,1,1,1,1,1,1,10,SE,7,,11,45,S,4,,,,
8,106808749,12/17/2021,15:17,"REAR END, SLOW OR STOP",500,0,0,0,0,1,1,1,1,1,1,32,10,W,4,,1,0,W,1,,,,
9,106839126,01/20/2022,07:57,"LEFT TURN, DIFFERENT ROADWAYS",3500,0,0,0,0,2,1,2,1,1,1,1,0,E,8,,1,45,N,4,,,,
10,106893683,03/15/2022,11:33,"LEFT TURN, DIFFERENT ROADWAYS",6000,0,0,0,0,1,1,1,1,1,1,1,35,E,8,,1,45,S,11,,,,
11,107037107,08/03/2022,22:43,FIXED OBJECT,4500,0,0,0,0,1,5,1,1,13,1,1,45,N,7,59,,,,,,,,
12,107067627,08/28/2022,00:08,FIXED OBJECT,2000,0,0,0,0,1,5,1,5,13,1,1,45,S,4,58,,,,,,,,
13,107086689,09/13/2022,17:28,"LEFT TURN, DIFFERENT ROADWAYS",2000,0,0,1,0,1,1,1,1,1,1,1,10,N,8,,1,45,S,4,,,,
14,107127945,10/24/2022,20:40,"LEFT TURN, DIFFERENT ROADWAYS",2100,0,0,0,0,1,5,1,1,1,1,32,25,S,8,,1,55,N,4,,,,
15,107162484,11/28/2022,16:16,"REAR END, SLOW OR STOP",9000,0,0,0,0,1,1,1,1,13,1,2,45,N,4,,1,0,N,1,,,,
16,107171393,12/05/2022,15:11,"LEFT TURN, DIFFERENT ROADWAYS",12500,0,0,0,0,2,1,2,1,1,1,1,5,W,8,,4,45,N,4,,,,
17,107473530,09/26/2023,17:58,"RIGHT TURN, SAME ROADWAY",3000,0,0,0,0,1,1,1,1,1,1,4,10,NW,7,,1,45,N,4,,,,
18,107503115,10/24/2023,17:25,"REAR END, SLOW OR STOP",500,0,0,0,0,1,1,1,1,1,1,1,45,SE,4,,4,0,SE,1,,,,
19,107790631,07/16/2024,17:09,"LEFT TURN, DIFFERENT ROADWAYS",18000,0,0,0,3,2,1,2,1,1,1,1,0,S,8,,2,45,S,4,2,45,N,4
20,107915535,11/08/2024,16:26,"REAR END, SLOW OR STOP",500,0,0,0,0,1,1,1,1,1,1,1,5,W,4,,4,0,W,1,,,,
21,107960640,12/15/2024,17:52,"LEFT TURN, DIFFERENT ROADWAYS",8500,0,0,0,0,2,5,3,1,1,1,3,10,E,8,,1,45,S,4,,,,
22,108045557,03/07/2025,14:25,ANGLE,15000,0,0,0,2,1,1,1,1,1,1,1,15,E,4,58,4,45,S,4,,,,
23,108120512,05/19/2025,18:55,ANGLE,6000,0,1,2,0,1,1,1,1,1,1,1,15,E,4,,4,45,N,4,,,,
24,108353439,12/16/2025,21:12,"LEFT TURN, SAME ROADWAY",6800,0,1,0,0,1,5,1,1,1,1,2,45,N,8,,21,25,S,8,,,,
25,108387988,01/22/2026,15:02,ANGLE,4000,0,0,0,2,1,1,1,1,1,1,1,10,E,4,,1,45,S,4,,,,
26,108431889,03/14/2026,21:30,ANGLE,4000,0,0,0,0,1,5,1,1,1,1,32,35,W,4,,1,45,S,4,,,,
27,108453977,03/23/2026,07:38,"LEFT TURN, SAME ROADWAY",3500,0,0,0,0,1,1,1,3,1,1,2,15,E,8,,2,5,W,7,,,,
28,108502945,05/15/2026,15:00,ANGLE,16000,0,0,0,0,1,1,1,1,1,1,1,35,S,4,,2,10,E,4,,,,
29,108564225,07/08/2026,08:58,ANGLE,10000,0,0,1,0,1,1,1,1,1,1,11,45,N,4,,1,15,E,4,,,,
