Tier,Crash ID,Date,Severity,Type,Type_desc,On Road,Miles,Dir,From Road,Toward Road,Milepost Road,MP,MP_offset_ft,Dist_ft,Geo Source,Latitude,Longitude,Reasons,Note,Coord note
1,107960640,2024-12-15,PDO,24,"Left Turn, Different Roadways",SR 1103,0.0,,SR 1103,SR 1104,SR 1103,999.999,,170,DMV349CLEANED,35.246,-81.509,geocoded 170 ft from intersection,"self-referenced (From Road = On Road), no milepost; within ~350 ft of the intersection by cleaned geocode or by milepost; likely intersection-related",low-precision coordinates (3 decimals)
1,108465156,2026-04-07,PDO,23,"Left Turn, Same Roadway",NC 180,0.1,N,SR 1103,NC 226,NC 180,4.701,528,262,DMV349CLEANED,35.247,-81.50911,geocoded 262 ft from intersection; NC 180 MP 4.701 is +528 ft from intersection MP 4.601; referenced NC 180 0.1 mi N of SR 1103,within ~350 ft of the intersection by cleaned geocode or by milepost; likely intersection-related,
1,107608647,2024-01-30,PDO,17,Animal,NC 226,0.052,N,SR 1103,NC 180,NC 180,4.653,275,288,DMV349CLEANED,35.24705,-81.50903,geocoded 288 ft from intersection; NC 180 MP 4.653 is +275 ft from intersection MP 4.601; referenced NC 226 0.052 mi N of SR 1103,within ~350 ft of the intersection by cleaned geocode or by milepost; likely intersection-related,
1,108314990,2025-11-19,PDO,31,Backing Up,SR 1103,0.4,E,SR 2384,NC 180,SR 1103,3.578,-348,3328,DMV349CLEANED,35.251,-81.519,SR 1103 MP 3.578 is -348 ft from intersection MP 3.644,within ~350 ft of the intersection by cleaned geocode or by milepost; likely intersection-related,"coordinates (DMV349CLEANED, 3 decimals) disagree with milepost by 3328 ft; milepost/narrative are internally consistent so coordinates are probably rounded or wrong - confirm on the DMV-349"
1,107967581,2024-12-09,PDO,29,"Sideswipe, Opposite Direction",NC 180,0.66,N,SR 1104,SR 1103,NC 180,4.557,-232,3631,DMV349,35.24,-81.5,NC 180 MP 4.557 is -232 ft from intersection MP 4.601,within ~350 ft of the intersection by cleaned geocode or by milepost; likely intersection-related,"coordinates (DMV349, 2 decimals) disagree with milepost by 3631 ft; milepost/narrative are internally consistent so coordinates are probably rounded or wrong - confirm on the DMV-349"
1,108561772,2026-07-16,PDO,19,Fixed Object,NC 180,0.32,S,SR 2329,SR 1103,NC 180,4.584,-90,27099,DMV349,35.26,-81.42,NC 180 MP 4.584 is -90 ft from intersection MP 4.601,within ~350 ft of the intersection by cleaned geocode or by milepost; likely intersection-related,"coordinates (DMV349, 2 decimals) disagree with milepost by 27099 ft; milepost/narrative are internally consistent so coordinates are probably rounded or wrong - confirm on the DMV-349"
2,107563341,2023-12-13,PDO,17,Animal,NC 180,0.2,NE,SR 1103,NC 226,NC 180,4.801,1056,528,DMV349CLEANED,35.24759,-81.50855,geocoded 528 ft from intersection,"referenced about 0.1 mi from the intersection; outside the 150 ft Y-line, judge from the DMV-349 narrative",
2,107786994,2024-07-15,PDO,28,"Sideswipe, Same Direction",NC 180,0.1,S,SR 1103,SR 1236,NC 180,4.501,-528,772,DMV349CLEANED,35.24427,-81.51003,NC 180 MP 4.501 is -528 ft from intersection MP 4.601; referenced NC 180 0.1 mi S of SR 1103,"referenced about 0.1 mi from the intersection; outside the 150 ft Y-line, judge from the DMV-349 narrative",
2,107921837,2024-11-12,PDO,29,"Sideswipe, Opposite Direction",SR 1103,0.1,W,NC 180,SR 1100,SR 1103,3.744,528,946,DMV349CLEANED,35.244,-81.508,SR 1103 MP 3.744 is +528 ft from intersection MP 3.644; referenced SR 1103 0.1 mi W of NC 180,"referenced about 0.1 mi from the intersection; outside the 150 ft Y-line, judge from the DMV-349 narrative",low-precision coordinates (3 decimals)
2,106781021,2021-11-25,PDO,17,Animal,NC 180,0.1,S,SR 1103,SR 1104,NC 180,4.501,-528,,,,,NC 180 MP 4.501 is -528 ft from intersection MP 4.601; referenced NC 180 0.1 mi S of SR 1103,"referenced about 0.1 mi from the intersection; outside the 150 ft Y-line, judge from the DMV-349 narrative",
2,106966564,2022-05-23,C injury,19,Fixed Object,SR 1103,0.1,E,NC 180,SR 2205,SR 1103,3.544,-528,,,,,SR 1103 MP 3.544 is -528 ft from intersection MP 3.644; referenced SR 1103 0.1 mi E of NC 180,"referenced about 0.1 mi from the intersection; outside the 150 ft Y-line, judge from the DMV-349 narrative",
2,107110946,2022-10-11,PDO,29,"Sideswipe, Opposite Direction",SR 1103,0.1,W,NC 180,SR 1100,SR 1103,3.744,528,,,,,SR 1103 MP 3.744 is +528 ft from intersection MP 3.644; referenced SR 1103 0.1 mi W of NC 180,"referenced about 0.1 mi from the intersection; outside the 150 ft Y-line, judge from the DMV-349 narrative",
2,107363522,2023-06-07,B injury,21,"Rear End, Slow or Stop",NC 180,0.1,N,SR 1103,NC 226,NC 180,4.701,528,,,,,NC 180 MP 4.701 is +528 ft from intersection MP 4.601; referenced NC 180 0.1 mi N of SR 1103,"referenced about 0.1 mi from the intersection; outside the 150 ft Y-line, judge from the DMV-349 narrative",
2,107101290,2022-10-05,PDO,17,Animal,NC 180,0.2,S,SR 2329,SR 1103,NC 180,4.704,544,,,,,NC 180 MP 4.704 is +544 ft from intersection MP 4.601,"referenced about 0.1 mi from the intersection; outside the 150 ft Y-line, judge from the DMV-349 narrative",
