"Municipality","On Road","Miles","Dir From","From Road","Toward Road","Milepost Road","MP","MA","Crash ID","Date","T","C","F","L","S","Latitude","Longitude","Source"
"NEW SALEM","LOVE MILL","0.026","S","GREEN","SANTA CLAUS","SR 1001","8.623","","106457925","2021-01-07","5","1","0","1","C","","",""
"UNIONVILLE","SR 1619","0.0","","SR 1681","","SR 1619","0.573","","107533157","2023-11-19","19","1","8","1","O","35.07597","-80.49265","DMV349CLEANED"
"UNIONVILLE","SIKES MILL","0.17","S","HAIGLER BAUCOM","PIEDMONT SCHOOL","SIKES MILL","999.999","","106479132","2021-02-03","19","1","0","1","C","","",""
"UNIONVILLE","SIKES MILL","0.0","","TOM BOYD","LAWYERS","SR 1001","3.461","","106133705","2020-01-23","30","1","7","1","O","","",""
"UNIONVILLE","SIKES MILL","0.26","S","BAUCOM","US 601","SR 1001","1.092","","105898128","2019-06-13","17","1","0","5","O","","",""
"UNIONVILLE","SIKES MILL","0.0","","TOM HELMS","PIEDMONT SCHOOL","SR 1001","4.094","","107101493","2022-10-06","28","1","10","1","O","","",""
"UNIONVILLE","SR 1001","0.5","E","US 601","SPRING LAKE","SR 1001","0.5","","108339974","2025-12-02","17","2","0","1","O","35.03374","-80.53659","DMV349CLEANED"
"RURAL","SIKES MILL","0.002","S","SPRING LAKE","US 601","SR 1001","0.883","","106059402","2019-11-08","19","2","0","4","B","","",""
"RURAL","SIKES MILL","0.0","","NC 218","*LCL OLD FISH RD ","SIKES MILL","999.999","","106882446","2022-02-27","21","2","7","1","O","","",""
"UNIONVILLE","SR 1619","0.095","E","SR 1001","SR 1606","SR 1619","0.095","","107771302","2024-06-25","17","1","0","5","O","35.0802","-80.49869","DMV349CLEANED"
"UNIONVILLE","SIKES MILL","0.009","N","BAUCOM","CHANEY","SR 1001","1.361","","104780506","2016-07-02","21","1","8","1","O","","",""
"UNIONVILLE","US 601","0.0","","SIKES MILL","BAUCOM DEESE","US 601","18.007","","107221390","2023-01-20","24","1","8","1","O","","",""
"FAIRVIEW","SR 1606","0.18","N","SR 1547","SR 1607","SR 1606","1.407","","108377689","2026-01-09","19","1","5","5","K","35.150173","-80.47355","DMV349CLEANED"
"UNIONVILLE","SIKES MILL","0.3","N","TOM BOYD","TOM HELMS","SR 1001","3.761","","107879671","2024-10-11","21","1","0","1","O","","",""
"UNIONVILLE","LOVE MILL","0.19","NE","SIKES MILL","PIEDMONT SCHOOL","LOVE MILL","999.999","","107148213","2022-11-16","21","1","0","1","O","","",""
"RURAL","SR 1001","0.2","S","SR 1619","SR 1615","SR 1001","3.261","","107272200","2023-03-14","17","1","0","5","O","","",""
"UNIONVILLE","SR 1606","0.079","S","SR 1638","SR 1678","SR 1606","5.095","","107321031","2023-04-20","22","1","0","1","K","","",""
"RURAL","SIKES MILL","2.0","N","CHANEY","UNIONVILLE","SR 1001","4.11","","108420506","2026-02-27","29","2","0","5","O","","",""
"RURAL","LOVE MILL","0.14","S","BRASSWELL RUSHING","HAIGLER BAUCOM","SR 1001","5.825","","106148368","2020-02-06","19","2","0","1","O","","",""
"UNIONVILLE","LOVE MILL","0.058","N","ZEBULON WILLIAMS","HAGLER","SR 1001","6.748","","107006747","2022-07-05","29","1","0","1","C","","",""
"FAIRVIEW","SR 1606","0.0","","SR 1547","NC 218","SR 1606","1.587","","107701512","2024-04-27","30","1","8","1","O","35.15793","-80.47559","DMV349CLEANED"
"RURAL","SIKES MILL","1.1","N","CONCORD","BAUCOM","SR 1001","1.1","","106028073","2019-10-18","17","1","0","5","O","","",""
"UNIONVILLE","SIKES MILL","0.23","NE","TOM BOYD","LAWYERS","SR 1001","3.691","","106477388","2021-01-26","17","2","0","5","O","","",""
"UNIONVILLE","SIKES MILL","0.019","S","BAUCOM","US 601","SR 1001","1.333","","108314414","2025-11-21","21","2","0","1","O","","",""
"UNIONVILLE","SR 1615","0.02","S","SR 1617","SR 1001","SR 1615","2.204","","107082068","2022-09-08","19","2","0","5","B","","",""
"RURAL","SR 1606","0.0","","SR 1547","SR 1607","SR 1606","1.587","","107960659","2024-12-15","30","1","7","5","C","35.147841","-80.47553","DMV349CLEANED"
"UNIONVILLE","SIKES MILL","0.19","S","SPRING LAKE","US 601","SR 1001","0.695","","107653448","2024-03-12","29","1","0","5","O","","",""
"UNIONVILLE","SR 1606","0.3","S","SR 1638","SR 1001","SR 1606","5.316","","108460445","2026-04-08","23","1","5","1","O","35.099553","-80.49195","DMV349"
"RURAL","SR 1001","0.2","S","SR 1664","SR 1663","SR 1001","9.445","","108045760","2025-03-12","17","1","0","1","O","35.147788","-80.43851","DMV349CLEANED"
"UNIONVILLE","HAIGLER BAUCOM","0.005","E","SIKES MILL","LOVE MILL","","999.999","","107442545","2023-08-30","21","2","8","1","O","","",""
"UNIONVILLE","SIKES MILL","0.0","","TOM BOYD","LOVE MILL","SR 1001","3.461","","107870118","2024-10-03","30","1","7","1","O","","",""
"UNIONVILLE","SR 1001","0.4","SE","SR 1665","SR 1620","SR 1001","1.815","","107984794","2025-01-07","18","1","0","5","O","35.064187","-80.51922","DMV349CLEANED"
"RURAL","SR 1001","0.0","","NC 218","SR 1547","SR 1001","8.137","","107456725","2023-09-12","30","1","7","1","C","","",""
"UNIONVILLE","LOVE MILL","0.0","","*LCL PIEDMONT SCH DR ","SIKES MILL","","999.999","","108397947","2026-02-10","26","1","8","1","O","","",""
"UNIONVILLE","PVA PIEDMONT MIDDLE","0.0","","SR 1001","DEAD END","","999.999","","105740561","2019-01-07","21","1","8","1","O","","",""
"RURAL","SR 1001","0.8","S","SR 1664","SR 1663","SR 1001","8.845","","106283239","2020-07-21","29","1","0","1","O","","",""
"RURAL","SR 1001","0.0","","SR 1620","SR 1615","SR 1001","1.352","","106971893","2022-05-28","23","1","8","1","O","","",""
"FAIRVIEW","SIKES MILL","0.095","N","BRIEF","OLD FERRY","SIKES MILL","999.999","","105713579","2018-12-18","17","1","0","1","O","","",""
"RURAL","US 601","0.009","N","SR 1001","SR 1505","US 601","18.016","","107232412","2023-02-02","21","2","0","1","O","","",""
"UNIONVILLE","SIKES MILL","0.18","S","TOM BOYD","UNIONVILLE","SR 1001","3.281","","107631164","2024-02-22","17","1","0","3","O","","",""
"UNIONVILLE","LOVE MILL","0.095","NE","PIEDMONT SCHOOL","*LCL PURSER RUSHING RD ","SR 1001","4.699","","106705523","2021-09-23","21","1","0","1","O","","",""
"RURAL","LOVE MILL","0.0","","NC 218","","SR 1001","8.137","","106117028","2020-01-03","30","2","7","1","C","","",""
"RURAL","SIKES MILL","0.74","SW","SPRING LAKE","US 601","SR 1001","0.145","","104717808","2016-04-26","21","1","12","1","O","","",""
"RURAL","SR 1606","0.04","N","SR 1654","SR 1610","SR 1606","3.539","","107733744","2024-05-27","19","1","0","1","O","35.12204","-80.47925","DMV349CLEANED"
"UNIONVILLE","SR 1606","0.3","E","SR 1619","NC 200","SR 1606","999.999","","107329736","2023-05-07","19","1","0","5","A","35.063101","-80.489374","NCDOT_TSU"
"UNIONVILLE","SIKES MILL","0.005","N","TOM BOYD","LOVE MILL","SR 1001","3.466","","107945637","2024-12-04","21","1","7","1","C","","",""
"UNIONVILLE","SIKES MILL","0.21","N","UNIONVILLE","TOM BOYD","SR 1001","3.081","","107483858","2023-10-06","17","1","0","2","O","","",""
"UNIONVILLE","SIKES MILL","0.003","N","LAWYERS","LOVE MILL","SR 1001","4.11","","107472572","2023-09-29","28","1","10","1","O","","",""
"UNIONVILLE","PVA 3006 SIKES MILL RD","0.018","E","SR 1606","SR 1001","","999.999","","107844251","2024-09-05","31","1","0","1","O","35.09455","-80.4927","DMV349"
"UNIONVILLE","SR 1619","0.009","E","SR 2116","SR 1681","SR 1619","999.999","","107278206","2023-03-21","29","1","0","1","O","35.079021","-80.497504","ITRE_CMV"
"RURAL","SR 1001","0.5","N","SR 2713","SR 1615","SR 1001","3.025","","104716998","2016-04-22","17","1","0","5","O","","",""
"UNIONVILLE","SR 1606","0.0","","SR 1606","","SR 1606","999.999","","104720551","2016-05-01","30","1","7","1","O","","",""
"UNIONVILLE","SR 1001","0.1","S","SR 1675","SR 1638","SR 1001","5.865","","105877759","2019-05-23","28","1","0","1","O","","",""
"UNIONVILLE","SR 1606","0.2","S","SR 1605","SR 1638","SR 1606","999.999","","104772437","2016-06-22","17","1","0","5","O","","",""
"UNIONVILLE","SR 1638","0.0","","SR 1001","SR 1638","SR 1638","1.556","","104762571","2016-06-08","30","1","7","1","O","","",""
"UNIONVILLE","SR 1617","0.0","","SR 1001","","SR 1617","0.54","","104716467","2016-04-27","30","1","7","1","O","","",""
"FAIRVIEW","SR 1606","0.004","N","NC 218","SR 1547","SR 1606","2.937","","104726358","2016-05-07","19","1","0","5","C","","",""
"RURAL","NC 218","0.0","","SR 1606","SR 1001","NC 218","8.082","","104805272","2016-07-30","30","1","7","1","C","","",""
"UNIONVILLE","SR 1001","0.1","S","SR 1619","SR 1615","SR 1001","3.361","","104793661","2016-07-12","19","1","0","1","B","","",""
"RURAL","SR 1001","0.23","N","SR 1654","SR 1658","SR 1001","6.461","","105156270","2017-07-01","18","1","0","3","C","","",""
"UNIONVILLE","SR 1611","0.019","SW","SR 1001","SR 1640","SR 1611","999.999","","104711866","2016-04-24","17","1","","5","O","","",""
"UNIONVILLE","*PP 1518 TOM BOYD RD ","0.014","W","SR 1619","*LCL - ","","999.999","","104698395","2016-04-09","31","1","5","5","O","","",""
"UNIONVILLE","TOM BOYD","0.024","SE","*LCL LATHAN WOODS DR ","OLD CAMDEN","","999.999","","104734401","2016-05-12","21","2","5","5","O","","",""
"FAIRVIEW","SIKES MILL","0.019","S","OLD FERRY","BRIEF","SIKES MILL","999.999","","106029162","2019-10-18","29","1","0","3","C","","",""
"UNIONVILLE","SIKES MILL","0.19","S","HENRY SMITH","TOM HELMS","SIKES MILL","999.999","","106612846","2021-06-30","21","1","0","1","C","","",""
"FAIRVIEW","NC 218","0.0","","SR 1606","SR 1547","NC 218","8.082","","104866502","2016-09-30","24","1","7","5","A","","",""
"RURAL","SR 1001","0.008","N","US 601","SR 1620","SR 1001","0.008","","104867496","2016-09-30","19","1","8","5","O","","",""
"UNIONVILLE","PVA PIEDMONT HIGH SCHOOL","0.017","W","SR 1001","DEAD END","","999.999","","104950470","2016-12-12","21","1","4","1","O","","",""
"UNIONVILLE","SR 1606","0.002","S","SR 1611","SR 1615","SR 1606","4.011","","104963318","2016-12-27","21","1","8","1","A","","",""
"FAIRVIEW","NC 218","0.0","","SR 1606","SR 1609","NC 218","8.082","","104984617","2017-01-23","30","1","7","1","C","","",""
"RURAL","SR 1606","0.5","N","SR 1006","SR 1627","SR 1606","999.999","","104914987","2016-11-12","19","1","0","5","A","35.038986","-80.476556","ITRE_SEVEREINJURY"
"UNIONVILLE","SR 1606","0.0","","SR 1618","SR 1606","SR 1606","6.066","","104942525","2016-12-09","26","1","10","1","C","","",""
"NEW SALEM","NC 218","0.028","E","SR 1001","NC 200","NC 218","9.814","","104859857","2016-09-20","21","1","0","1","O","","",""
"RURAL","SR 1001","0.003","E","US 601","SR 1620","SR 1001","0.003","","105007511","2017-02-11","27","1","8","5","B","","",""
"RURAL","SR 1001","0.4","S","SR 1615","SR 1638","SR 1001","2.471","","104946035","2016-12-10","21","1","0","5","C","","",""
"UNIONVILLE","SR 1619","0.0","","SR 1001","SR 1606","SR 1619","0.0","","104898405","2016-10-31","30","1","7","1","C","","",""
"UNIONVILLE","SR 1618","0.014","W","SR 1606","SR 2776","SR 1618","0.014","","105139371","2017-06-12","19","1","10","1","O","","",""
"UNIONVILLE","SR 1001","0.0","","SR 1637","SR 1001","SR 1001","4.11","","107563521","2023-12-13","28","1","10","5","O","35.08894","-80.49375","DMV349CLEANED"
"RURAL","SR 1001","0.0","","SR 1617","SR 1615","SR 1001","3.461","","104942804","2016-12-08","30","1","7","1","B","","",""
"UNIONVILLE","SR 1001","0.0","","SR 1617","SR 1615","SR 1001","3.461","","104987740","2017-01-25","30","1","7","1","B","","",""
"FAIRVIEW","NC 218","0.0","","SR 1606","SR 1657","NC 218","8.082","","104997979","2017-02-01","30","1","7","5","B","","",""
"RURAL","SR 1001","0.1","N","SR 1665","SR 2713","SR 1001","2.315","","104942809","2016-12-07","1","1","5","5","O","","",""
"UNIONVILLE","SR 1606","0.009","N","SR 1615","SR 1611","SR 1606","4.582","","105132992","2017-06-11","17","1","0","5","O","","",""
"FAIRVIEW","NC 218","0.009","E","SR 1606","SR 1547","NC 218","8.091","","105152445","2017-07-06","21","1","7","1","O","","",""
"FAIRVIEW","SR 1606","0.0","","NC 218","SR 1609","SR 1606","2.941","","105168368","2017-07-21","30","1","7","1","O","","",""
"UNIONVILLE","SR 1001","0.0","","SR 1617","SR 1618","SR 1001","3.461","","104901954","2016-11-02","30","1","7","1","O","","",""
"UNIONVILLE","SR 1001","0.0","","SR 1617","SR 1615","SR 1001","3.461","","104890928","2016-10-10","30","1","7","1","C","","",""
"FAIRVIEW","NC 218","0.001","W","SR 1606","SR 1609","NC 218","8.081","","104866396","2016-09-30","32","1","7","5","O","","",""
"RURAL","SR 1606","0.5","W","SR 1627","NC 200","SR 1606","999.999","","104877259","2016-10-12","29","1","0","1","O","","",""
"UNIONVILLE","NC 218","0.0","","SR 1606","SR 1111","NC 218","8.082","","104905109","2016-11-06","30","1","7","1","C","","",""
"UNIONVILLE","NC 218","0.0","","SR 1606","SR 1547","NC 218","8.082","","105178395","2017-07-29","30","1","7","5","O","","",""
"UNIONVILLE","SR 1001","0.19","S","SR 1617","SR 1615","SR 1001","3.271","","105178491","2017-08-01","18","1","0","1","B","","",""
"UNIONVILLE","SR 1606","0.1","S","SR 1654","SR 1675","SR 1606","3.679","","105220541","2017-09-11","19","2","0","5","O","","",""
"RURAL","SR 1606","0.1","N","NC 218","SR 1547","SR 1606","2.841","","105201844","2017-08-22","29","1","0","1","O","","",""
"UNIONVILLE","SR 1001","0.03","S","SR 1617","SR 1615","SR 1001","3.431","","105208918","2017-09-01","27","3","0","1","C","","",""
"NEW SALEM","NC 218","0.0","","SR 1001","CYRUS LEE","NC 218","9.786","","105125636","2017-06-04","21","1","12","1","O","","",""
"FAIRVIEW","NC 218","0.014","W","SR 1001","SR 1609","NC 218","9.772","","105062907","2017-04-03","23","1","0","1","O","","",""
"RURAL","SR 1606","0.1","S","SR 1617","SR 1634","SR 1606","999.999","","104922359","2016-11-17","17","1","0","5","O","","",""
"UNIONVILLE","SR 1001","0.0","","SR 1665","SR 1615","SR 1001","2.215","","105137812","2017-06-19","19","1","8","1","O","","",""
"RURAL","SR 1606","0.2","S","SR 1547","SR 1607","SR 1606","1.787","","104980363","2017-01-18","29","1","0","1","A","","",""
"RURAL","NC 218","0.0","","SR 1606","NC 200","NC 218","8.082","","105098258","2017-05-12","30","1","7","1","O","","",""
"FAIRVIEW","NC 218","0.004","W","SR 1001","SR 1609","NC 218","9.782","","105067787","2017-04-03","22","2","7","1","O","","",""
"RURAL","NC 218","0.0","","SR 1001","SR 1547","NC 218","9.786","","105127353","2017-06-08","21","1","7","1","B","","",""
"UNIONVILLE","PVA PIEDMONT HIGH SCHOOL","0.017","W","SR 1001","DEAD END","","999.999","","104945962","2016-12-12","21","1","4","1","O","","",""
"RURAL","NC 218","0.005","W","SR 1001","SR 1547","NC 218","9.781","","105103445","2017-05-17","23","1","7","1","B","","",""
"RURAL","SR 1606","0.2","N","SR 1006","SR 1001","SR 1606","999.999","","105161843","2017-07-13","29","1","0","1","O","","",""
"UNIONVILLE","LOVE MILL","0.005","E","SIKES MILL","PIEDMONT SCHOOL","LOVE MILL","999.999","","107319671","2023-04-19","21","1","10","1","O","","",""
"UNIONVILLE","PVA MARATHON GAS STATION","0.014","W","SR 1606","SR 1001","","999.999","","105060300","2017-03-20","31","1","4","1","O","","",""
"UNIONVILLE","SIKES MILL","0.057","N","HENRY SMITH","*LCL TOM HELMS ROAD ","SIKES MILL","999.999","","106910959","2022-04-01","24","1","4","1","O","","",""
"FAIRVIEW","SR 1606","0.2","S","SR 1547","NC 218","SR 1606","1.787","","105043332","2017-03-16","29","1","0","1","O","","",""
"UNIONVILLE","NC 218","0.0","","SR 1001","NC 200","NC 218","9.786","","105085947","2017-04-20","21","1","7","1","C","","",""
"UNIONVILLE","SR 1001","0.006","S","SR 2713","SR 1665","SR 1001","2.519","","108208937","2025-08-14","19","1","0","1","A","35.072535","-80.51289","DMV349CLEANED"
"UNIONVILLE","SR 1001","0.0","","SR 1617","SR 1615","SR 1001","3.461","","105210461","2017-08-30","30","1","7","1","C","","",""
"UNIONVILLE","PVA PIEDMONT HIGH SCHOOL","0.009","W","SR 1001","*LCL - ","","999.999","","104865813","2016-09-29","21","2","4","1","C","","",""
"UNIONVILLE","SR 1001","0.1","N","SR 1665","SR 2713","SR 1001","2.315","","105183265","2017-08-07","23","1","0","1","B","","",""
"UNIONVILLE","TOM BOYD","0.011","S","UNIONVILLE","SIKES MILL","","999.999","","105230136","2017-09-19","13","1","8","1","O","","",""
"RURAL","SR 1606","0.0","","SR 1607","CL-STANLY","SR 1606","1.084","","105199689","2017-08-21","26","1","7","1","O","","",""
"UNIONVILLE","PVA PIEDMONT MIDDLE SCHOOL","0.019","E","SR 1606","DEAD END","","999.999","","105226618","2017-09-20","21","1","8","1","O","","",""
"UNIONVILLE","SR 1001","0.2","N","SR 1617","SR 1637","SR 1001","3.661","","105191883","2017-08-14","24","1","4","1","O","","",""
"FAIRVIEW","NC 218","0.0","","SR 1606","SR 1609","NC 218","8.082","","105184681","2017-08-08","30","2","7","1","C","","",""
"UNIONVILLE","SR 1606","0.009","E","SR 1618","SR 1001","SR 1606","6.057","","105225441","2017-09-19","30","1","10","1","O","","",""
"UNIONVILLE","SR 1001","0.2","N","SR 1615","SR 1617","SR 1001","3.071","","105257437","2017-10-16","17","1","0","5","O","","",""
"UNIONVILLE","SR 1001","0.2","N","SR 1615","SR 1617","SR 1001","3.071","","105245689","2017-10-07","17","2","","1","O","","",""
"NEW SALEM","NC 218","0.0","","SR 1001","SR 1547","NC 218","9.786","","105326336","2017-12-13","21","1","7","1","B","","",""
"UNIONVILLE","SR 1611","0.006","W","SR 1606","SR 1640","SR 1611","3.361","","105387651","2018-02-18","18","1","0","1","O","","",""
"UNIONVILLE","SR 1619","0.095","E","SR 1001","SR 1606","SR 1619","0.095","","105344181","2018-01-04","29","1","0","1","O","","",""
"UNIONVILLE","SR 1617","0.1","E","SR 1615","SR 1001","SR 1617","0.1","","105356713","2018-01-19","19","4","0","5","O","","",""
"UNIONVILLE","TOM BOYD","0.0","","OLD CAMDEN","SIKES MILL","","999.999","","105415127","2018-03-12","30","2","7","1","C","","",""
"RURAL","SR 1001","0.002","NE","US 601","SPRING LAKE","SR 1001","0.002","","105326274","2017-11-25","21","1","9","1","O","","",""
"UNIONVILLE","SIKES MILL","0.28","S","CHANEY","BAUCOM","SR 1001","1.935","","106961419","2022-05-19","21","1","0","1","O","","",""
"UNIONVILLE","SR 1001","0.0","","SR 1619","SR 1618","SR 1001","3.461","","105363964","2018-01-26","30","1","7","5","C","","",""
"UNIONVILLE","SR 1606","0.002","E","NC 200","SR 1673","SR 1606","999.999","","105391943","2018-02-23","30","1","7","1","O","","",""
"UNIONVILLE","SR 1618","0.019","W","SR 1001","SR 1615","SR 1618","0.019","","105283816","2017-11-07","21","1","0","1","C","","",""
"UNIONVILLE","SR 1001","0.1","S","SR 1615","SR 1638","SR 1001","2.771","","105353604","2018-01-16","23","1","5","1","O","","",""
"UNIONVILLE","SR 1001","0.6","N","SR 1617","SR 1637","SR 1001","4.061","","105317973","2017-12-04","19","1","0","1","O","","",""
"FAIRVIEW","SR 1606","0.0","","SR 1547","NC 218","SR 1606","1.587","","105289308","2017-11-11","30","1","7","1","B","","",""
"FAIRVIEW","SR 1606","1.5","N","SR 1547","SR 1607","SR 1606","0.087","","105318190","2017-12-09","18","2","0","1","O","","",""
"FAIRVIEW","NC 218","0.003","W","SIKES MILL","CROOKED CRK CH","NC 218","8.079","","107321738","2023-05-01","21","1","7","1","C","","",""
"FAIRVIEW","NC 218","0.0","","SR 1606","SR 1547","NC 218","8.082","","105344309","2018-01-06","30","1","7","1","B","","",""
"UNIONVILLE","SR 1001","0.2","S","SR 1619","SR 1617","SR 1001","3.261","","105360672","2018-01-23","17","1","","5","O","","",""
"UNIONVILLE","SR 1637","0.0","","SR 1001","SR 1606","SR 1637","1.444","","105301886","2017-11-27","28","1","10","5","O","","",""
"UNIONVILLE","SR 1001","0.0","","SR 1617","SR 1681","SR 1001","3.461","","105326435","2017-12-16","30","1","7","1","A","","",""
"UNIONVILLE","SR 1001","0.1","S","SR 1617","SR 1615","SR 1001","3.361","","105324665","2017-12-13","17","1","0","5","O","","",""
"UNIONVILLE","SR 1627","0.0","","SR 1606","NC 200","SR 1627","1.256","","105331514","2017-12-19","30","1","7","1","A","","",""
"FAIRVIEW","SIKES MILL","0.085","N","OLD FERRY","*LCL BIGGERS CEMETRY RD ","SIKES MILL","999.999","","108310676","2025-11-18","19","1","0","1","O","","",""
"UNIONVILLE","SR 1606","0.0","","SR 1001","SR 1678","SR 1606","6.066","","105404553","2018-03-06","30","2","0","1","C","","",""
"FAIRVIEW","NC 218","0.002","E","SR 1606","SR 1547","NC 218","8.084","","105301818","2017-11-26","21","1","0","5","C","","",""
"UNIONVILLE","LOVE MILL","0.15","W","PIEDMONT SCHOOL","SIKES MILL","SR 1001","4.454","","107442543","2023-08-30","21","2","0","1","O","","",""
"INDIAN TRAIL","US 74","0.019","E","SR 1001","TECHNOLOGY","US 74","999.999","","105387411","2018-02-15","28","1","0","5","O","","",""
"UNIONVILLE","SR 1606","0.0","","SR 1638","SR 1678","SR 1606","5.016","","105600736","2018-09-10","19","2","8","1","C","","",""
"RURAL","SR 1606","0.8","N","NC 218","SR 1547","SR 1606","2.141","","105380811","2018-02-01","28","1","0","5","O","","",""
"RURAL","NC 218","0.0","","SR 1001","NC 200","NC 218","9.786","","105283709","2017-11-03","28","1","0","1","O","","",""
"UNIONVILLE","SR 1001","0.2","S","SR 1619","SR 1615","SR 1001","3.261","","105276432","2017-10-31","17","1","0","5","O","","",""
"UNIONVILLE","SR 1001","0.005","S","SR 1620","SPRING LAKE","SR 1001","1.347","","105596512","2018-08-15","19","1","0","1","O","","",""
"UNIONVILLE","SR 1604","0.0","","SR 1606","SR 1666","SR 1604","0.0","","105337660","2017-12-20","3","2","8","5","O","","",""
"RURAL","SR 1627","0.0","","SR 1606","NC 200","SR 1627","1.256","","105624868","2018-10-02","30","1","7","1","O","","",""
"RURAL","NC 218","0.0","","SR 1001","SR 1547","NC 218","9.786","","105452058","2018-04-18","21","1","7","1","O","","",""
"UNIONVILLE","NC 218","0.0","","SR 1001","SR 1547","NC 218","9.786","","105502400","2018-06-06","22","1","7","1","O","","",""
"UNIONVILLE","SR 1619","0.1","E","SR 1001","SR 1681","SR 1619","0.1","","105517517","2018-06-16","17","1","","5","O","","",""
"UNIONVILLE","SR 1001","0.4","S","SR 1617","SR 1665","SR 1001","3.061","","105456064","2018-04-19","31","1","0","1","O","","",""
"RURAL","SR 1001","0.5","S","SR 1665","SR 1620","SR 1001","1.715","","105554071","2018-07-25","19","1","0","5","","","",""
"UNIONVILLE","SR 1001","0.2","NE","SR 2713","SR 1615","SR 1001","2.725","","105512829","2018-06-15","19","1","0","5","O","","",""
"RURAL","SR 1655","0.0","","SR 1001","SR 1656","SR 1655","1.237","","105627177","2018-10-05","19","1","8","1","O","","",""
"RURAL","SR 1001","0.0","","SR 1617","SR 1615","SR 1001","3.461","","105535858","2018-07-09","30","1","7","1","B","","",""
"UNIONVILLE","NC 200","0.0","","SR 1606","SR 1633","NC 200","25.69","","105422803","2018-03-19","19","1","7","1","O","","",""
"RURAL","SR 1001","0.5","S","SR 1617","SR 1615","SR 1001","2.961","","105477494","2018-05-12","19","1","0","5","A","","",""
"UNIONVILLE","SR 1001","0.019","S","SR 1617","","SR 1001","3.442","","105520583","2018-06-20","19","2","0","1","O","","",""
"UNIONVILLE","SR 1001","0.002","N","US 601","SPRING LAKE","SR 1001","0.002","","105520586","2018-05-23","21","1","0","1","O","","",""
"RURAL","SR 1619","0.038","W","SR 1001","UNIONVILLE","SR 1619","0.0","","105669961","2018-11-07","17","2","0","5","O","","",""
"UNIONVILLE","SR 1618","0.0","E","SR 1001","SR 1637","SR 1618","0.0","","105670638","2018-11-09","26","2","10","5","O","","",""
"RURAL","SR 1606","5.0","N","SR 1678","SR 1613","SR 1606","0.796","","105613443","2018-09-24","22","1","5","5","C","","",""
"UNIONVILLE","SR 1618","0.008","S","SR 1606","SR 1615","SR 1618","0.0","","105669889","2018-11-07","21","1","10","1","C","","",""
"RURAL","SR 1001","0.0","","US 601","SR 1460","SR 1001","0.0","","105477289","2018-05-11","24","1","8","5","C","","",""
"RURAL","NC 218","0.0","","SR 1001","SR 1606","NC 218","9.786","","105644334","2018-10-21","19","1","7","1","O","","",""
"RURAL","NC 218","0.0","","SR 1606","SR 1547","NC 218","8.082","","105491727","2018-05-23","24","1","7","1","B","","",""
"UNIONVILLE","PVA MARATHON GAS","0.014","W","SR 1001","DEAD END","","999.999","","105790718","2019-03-02","31","1","0","1","O","","",""
"RURAL","SR 1001","0.0","","US 601","","SR 1001","0.0","","105752124","2019-01-23","21","2","8","5","C","","",""
"UNIONVILLE","SR 1681","0.0","","SR 1619","SR 1637","SR 1681","0.863","","108181659","2025-07-24","23","1","8","1","B","35.076107","-80.49293","DMV349CLEANED"
"RURAL","SR 1606","0.0","","SR 1607","SR 1547","SR 1606","1.084","","107591326","2024-01-10","24","1","7","1","C","35.15454","-80.47302","DMV349CLEANED"
"UNIONVILLE","*LCL CAR WASH PVA ","0.001","E","SR 1001","DEAD END","","999.999","","105722912","2018-12-18","31","1","0","1","O","","",""
"RURAL","NC 218","0.0","","SR 1001","NC 200","NC 218","9.786","","105711501","2018-12-14","30","2","7","5","B","","",""
"RURAL","SR 1606","0.0","N","NEW SALEM","G B HILL","SR 1606","999.999","","105775814","2019-02-13","30","1","7","1","O","","",""
"UNIONVILLE","SR 1001","0.5","N","SR 1665","SR 1615","SR 1001","2.715","","108436731","2026-03-13","19","1","0","1","B","35.07","-80.51","DMV349"
"RURAL","SR 1606","0.8","S","SR 1617","SR 1615","SR 1606","999.999","","105825314","2019-04-02","19","6","0","1","B","","",""
"RURAL","SR 1606","0.5","S","SR 1619","PRESSON FARM","SR 1606","999.999","","105685420","2018-11-20","17","1","0","2","O","","",""
"UNIONVILLE","SR 1606","0.0","S","SR 1638","SR 1678","SR 1606","5.016","","105805384","2019-03-05","23","1","0","1","O","","",""
"UNIONVILLE","SR 1001","0.038","S","SR 1617","US 601","SR 1001","3.423","","105964079","2019-08-15","19","2","0","5","O","","",""
"RURAL","NC 218","0.0","","SR 1001","SR 2732","NC 218","9.786","","105989915","2019-09-11","30","1","7","1","B","","",""
"FAIRVIEW","SR 1547","0.0","","SR 1606","SR 1607","SR 1547","2.101","","105954257","2019-08-08","30","1","7","1","B","","",""
"FAIRVIEW","SR 1606","1.0","S","SR 1547","NC 218","SR 1606","2.587","","105685863","2018-11-21","17","1","0","1","O","","",""
"RURAL","SR 1001","0.11","S","SR 1664","SR 1663","SR 1001","9.535","","108001947","2025-01-24","17","1","0","5","O","35.15048","-80.43733","DMV349CLEANED"
"UNIONVILLE","SR 1001","0.1","W","SR 1620","NC 200","SR 1001","1.252","","105723366","2018-12-27","28","1","0","1","O","","",""
"RURAL","SR 1001","0.7","S","SR 1665","SR 1620","SR 1001","1.515","","105713041","2018-12-10","29","2","0","1","O","","",""
"UNIONVILLE","SR 1001","0.3","S","SR 1619","SR 1615","SR 1001","3.161","","106019966","2019-10-09","17","1","0","5","O","","",""
"RURAL","SR 1001","0.7","N","SR 1663","SR 1664","SR 1001","9.349","","107665486","2024-03-23","17","1","0","5","O","35.14715","-80.43895","DMV349CLEANED"
"UNIONVILLE","SR 1001","0.0","","SR 1615","SR 1617","SR 1001","2.871","","106006697","2019-09-27","23","1","8","1","B","","",""
"UNIONVILLE","SR 1001","0.0","","SR 2713","SR 1665","SR 1001","2.525","","106017149","2019-10-08","24","1","8","1","B","","",""
"UNIONVILLE","SR 1606","0.1","S","SR 1678","SR 1001","SR 1606","5.896","","105783157","2019-02-20","26","2","0","1","O","","",""
"UNIONVILLE","SR 1001","0.5","S","SR 1665","SR 1620","SR 1001","1.715","","105778678","2019-02-13","17","1","0","1","O","","",""
"UNIONVILLE","SR 1638","0.0","","SR 1001","SR 1606","SR 1638","1.556","","106029698","2019-10-14","30","1","7","1","O","","",""
"UNIONVILLE","SR 1001","0.3","N","SR 1615","SR 1619","SR 1001","3.171","","106019965","2019-10-09","17","1","0","5","O","","",""
"UNIONVILLE","SR 1001","0.68","N","US 601","SR 1620","SR 1001","0.68","","105741595","2019-01-14","17","1","0","3","O","","",""
"UNIONVILLE","SR 1001","0.1","S","SR 1665","US 601","SR 1001","2.115","","105707364","2018-12-10","29","4","0","1","O","","",""
"UNIONVILLE","SR 1001","0.2","S","SR 1665","SR 1620","SR 1001","2.015","","105912752","2019-06-30","17","2","0","5","O","","",""
"RURAL","NC 218","0.0","","SR 1001","SR 1547","NC 218","9.786","","105842501","2019-04-20","21","1","7","1","O","","",""
"RURAL","SR 1606","3.0","N","SR 1006","SR 1627","SR 1606","999.999","","105850446","2019-04-29","19","1","0","3","A","35.038154","-80.476569","NCDOT_TSU"
"UNIONVILLE","SR 1617","0.028","W","SR 1001","SR 1615","SR 1617","0.512","","105885258","2019-06-04","29","1","0","1","O","","",""
"UNIONVILLE","NC 200","0.0","","SR 1606","SR 1633","NC 200","25.69","","105848333","2019-04-26","30","1","7","1","O","","",""
"UNIONVILLE","SR 1001","0.3","N","SR 1617","SR 1618","SR 1001","3.761","","105867607","2019-05-16","21","1","0","1","C","","",""
"RURAL","SR 1606","0.25","S","*LCL BIGGERS CEMETERY RD ","OLD FERRY","","999.999","","105935402","2019-07-22","29","1","0","1","O","","",""
"UNIONVILLE","SR 1001","0.004","NE","US 601","SR 1665","SR 1001","0.004","","106020271","2019-10-08","21","1","0","1","O","","",""
"RURAL","SR 1655","0.004","W","SR 1001","SR 1547","SR 1655","1.233","","105896304","2019-06-14","27","1","8","1","O","","",""
"UNIONVILLE","SR 1001","0.35","N","US 601","SR 1620","SR 1001","0.35","","105876758","2019-05-27","19","1","0","1","A","","",""
"FAIRVIEW","NC 218","0.0","","SR 1001","SR 1547","NC 218","9.786","","106062746","2019-11-15","30","2","7","1","O","","",""
"UNIONVILLE","NC 218","0.0","","SR 1001","SR 1547","NC 218","9.786","","106071236","2019-11-20","30","1","7","1","C","","",""
"RURAL","SR 1606","0.0","","SR 1547","NC 218","SR 1606","1.587","","105873568","2019-05-18","30","1","7","1","O","","",""
"RURAL","SR 1606","0.1","N","SR 1001","SR 1678","SR 1606","5.966","","106017162","2019-10-02","21","1","0","1","B","","",""
"RURAL","SR 1001","0.019","E","SR 1620","US 601","SR 1001","1.371","","106072796","2019-11-23","19","1","0","1","O","","",""
"UNIONVILLE","PIEDMONT SCHOOL","0.005","W","SR 1001","*LCL - ","","999.999","","105971602","2019-08-26","24","1","4","1","O","","",""
"UNIONVILLE","LOVE MILL","0.0","","PIEDMONT SCHOOL","SIKES MILL","SR 1001","4.604","","106585376","2021-05-26","24","1","8","1","O","","",""
"RURAL","SR 1001","0.4","N","SR 1615","SR 1617","SR 1001","3.271","","105781091","2019-02-21","19","2","0","1","O","","",""
"RURAL","SR 1606","0.0","","SR 2785","SR 1006","SR 1606","999.999","","105844523","2019-04-26","19","1","8","5","O","","",""
"RURAL","PVA 3006 SIKES MILL RD","0.004","E","SR 1001","DEAD END","","999.999","","105983673","2019-09-03","21","1","4","1","O","","",""
"RURAL","SR 1606","0.25","N","NC 200","PRESSON FARM","SR 1606","999.999","","106052165","2019-11-05","17","1","0","5","O","","",""
"UNIONVILLE","PVA MARATHON","0.019","W","SIKES MILL","","","999.999","","106303935","2020-08-12","20","1","4","1","O","","",""
"FAIRVIEW","SR 1606","0.1","S","SR 1607","SR 1547","SR 1606","1.184","","106121140","2020-01-10","19","1","0","1","","","",""
"FAIRVIEW","SR 1606","0.1","S","SR 1604","CL-STANLY","SR 1606","0.305","","106248459","2020-06-11","17","1","0","5","O","","",""
"UNIONVILLE","SR 1618","0.0","","SR 1606","SR 1001","SR 1618","0.0","","106096868","2019-12-12","26","1","10","1","C","","",""
"UNIONVILLE","SR 1619","0.38","E","SR 1001","SR 1681","SR 1619","0.38","","106111340","2019-12-24","23","1","0","1","B","","",""
"RURAL","SR 1606","0.0","","SR 1675","SR 1611","SR 1606","3.821","","106117532","2020-01-05","24","1","8","1","C","","",""
"UNIONVILLE","SR 1001","0.002","N","SR 1653","SR 1655","SR 1001","6.692","","107684157","2024-04-11","21","1","5","1","O","35.11676","-80.4641","DMV349CLEANED"
"RURAL","SR 1606","2.7","S","SR 1547","NC 218","SR 1606","4.287","","106169959","2020-02-25","17","1","0","5","O","","",""
"UNIONVILLE","SR 1001","0.0","","SR 1617","SR 1615","SR 1001","3.461","","106286453","2020-07-25","30","1","7","1","C","","",""
"FAIRVIEW","SR 1606","0.1","S","SR 1547","NC 218","SR 1606","1.687","","106095719","2019-12-09","17","1","0","3","O","","",""
"RURAL","SR 1606","0.0","","NC 218","SR 1610","SR 1606","2.941","","106157650","2020-02-13","21","1","8","5","C","","",""
"RURAL","SR 1606","1.3","S","SR 1604","SR 1605","SR 1606","1.505","","106134680","2020-01-22","29","1","0","1","O","","",""
"FAIRVIEW","PVA 6609 SIKES MILL RD","0.028","W","SIKES MILL","","","999.999","","106254686","2020-06-19","31","1","4","1","O","","",""
"FAIRVIEW","NC 218","0.0","","SR 1001","SR 1547","NC 218","9.786","","106186515","2020-03-16","30","1","7","1","O","","",""
"RURAL","SR 1606","0.08","N","SR 1619","SR 1001","SR 1606","999.999","","106276502","2020-07-14","17","1","0","5","O","","",""
"RURAL","SR 1606","0.0","","SR 1547","SR 1607","SR 1606","1.587","","106277793","2020-07-14","30","1","7","1","C","","",""
"RURAL","NC 200","0.0","","SR 1606","SR 1627","NC 200","25.69","","106253848","2020-06-12","23","1","7","1","O","","",""
"UNIONVILLE","SR 1001","0.005","N","SR 1617","SR 1637","SR 1001","3.466","","106126767","2020-01-13","21","2","7","1","O","","",""
"UNIONVILLE","SR 1606","0.01","S","SR 1688","SR 1678","SR 1606","5.738","","107112659","2022-10-06","21","1","0","5","A","","",""
"UNIONVILLE","SR 1606","0.002","N","SR 1678","SR 1638","SR 1606","5.794","","106109136","2019-12-18","21","1","0","1","O","","",""
"UNIONVILLE","SR 1001","0.25","S","SR 1615","SR 2713","SR 1001","2.621","","106146785","2020-02-03","17","1","0","5","O","","",""
"RURAL","NC 218","0.0","","SR 1001","NC 200","NC 218","9.786","","106219177","2020-05-01","30","1","7","5","O","","",""
"RURAL","SR 1001","0.0","","US 601","SR 1620","SR 1001","0.0","","106219230","2020-05-05","19","2","8","5","B","","",""
"UNIONVILLE","SR 1617","0.1","E","SR 1615","SR 1001","SR 1617","0.1","","106093727","2019-12-12","17","1","0","5","C","","",""
"RURAL","SR 1606","0.3","E","*LCL CAMDEN OAKS LN ","SR 1006","","999.999","","106214571","2020-04-30","29","1","1","1","O","","",""
"UNIONVILLE","SR 1618","0.006","W","SR 1606","SR 1615","SR 1618","0.006","","106093757","2019-12-12","21","1","10","1","O","","",""
"UNIONVILLE","SIKES MILL","0.38","NE","UNIONVILLE","CLONTZ LONG","SR 1001","3.251","","105310167","2017-12-03","17","1","0","5","O","","",""
"UNIONVILLE","SR 1606","0.6","W","SR 1619","SR 1637","SR 1606","999.999","","106249008","2020-06-11","19","2","0","1","O","","",""
"UNIONVILLE","NC 200","0.0","","SR 1606","SR 1633","NC 200","25.69","","106326117","2020-09-02","30","1","7","1","B","","",""
"RURAL","NC 218","0.006","E","SR 1001","NC 200","NC 218","9.792","","106370455","2020-10-17","23","1","7","1","O","","",""
"RURAL","NC 218","0.0","","SR 1001","NC 200","NC 218","9.786","","106362077","2020-10-05","30","1","7","1","O","","",""
"RURAL","SR 1001","0.0","","US 601","DEAD END","SR 1001","0.0","","106345655","2020-09-14","30","1","8","5","A","","",""
"RURAL","SR 1001","1.0","S","SR 1620","SPRING LAKE","SR 1001","0.352","","106392203","2020-11-01","19","2","0","5","O","","",""
"UNIONVILLE","SR 1001","0.009","N","SR 2713","SR 1615","SR 1001","2.534","","106393731","2020-11-04","17","1","0","3","O","","",""
"UNIONVILLE","SR 1606","0.0","","SR 1618","SR 1681","SR 1606","6.066","","106388383","2020-10-30","26","1","10","5","O","","",""
"RURAL","SR 1606","0.19","S","SR 1637","SR 1619","SR 1606","6.066","","107028892","2022-07-24","14","1","0","1","A","35.085832","-80.493478","VHB_PEDBIKE"
"RURAL","SR 1606","0.6","N","SR 1678","SR 1638","SR 1606","5.196","","106432490","2020-12-09","17","1","0","5","O","","",""
"UNIONVILLE","SR 1001","0.0","","SR 1615","SR 1619","SR 1001","2.871","","106467658","2021-01-18","23","1","8","1","O","","",""
"NEW SALEM","SR 1664","0.0","","SR 1001","SR 1663","SR 1664","0.0","","106462130","2021-01-09","24","1","8","1","C","","",""
"UNIONVILLE","SR 1606","0.25","N","SR 1638","SR 1615","SR 1606","4.766","","106462109","2021-01-12","19","1","0","1","O","","",""
"UNIONVILLE","SR 1001","0.5","N","SR 1617","SR 1618","SR 1001","3.961","","106435289","2020-12-13","19","1","0","5","","","",""
"NEW SALEM","SR 1606","1.0","N","NC 218","SR 1547","SR 1606","1.941","","106491238","2021-02-16","17","2","0","1","O","","",""
"UNIONVILLE","SR 1606","0.0","","SR 1618","SR 1619","SR 1606","6.066","","106509401","2021-03-05","26","1","10","5","O","","",""
"RURAL","SR 1001","0.19","N","SPRING LAKE","SR 1620","SR 1001","1.075","","108256185","2025-10-05","17","1","0","1","O","35.05456","-80.52333","DMV349CLEANED"
"UNIONVILLE","NC 218","0.0","","SR 1001","CYRUS LEE","NC 218","9.786","","106521629","2021-03-21","22","1","7","1","B","","",""
"UNIONVILLE","SR 1606","0.3","S","SR 1678","SR 1618","SR 1606","6.066","","106581212","2021-05-21","21","1","0","1","C","","",""
"UNIONVILLE","PVA MARATHON","0.019","W","SIKES MILL","","","999.999","","106584227","2021-05-25","31","1","4","1","O","","",""
"MONROE","SR 1001","0.37","NE","SR 1620","SR 1665","SR 1001","1.722","","106547429","2021-04-16","19","1","0","1","O","","",""
"RURAL","NC 218","0.0","","SR 1001","SR 1547","NC 218","9.786","","106554754","2021-04-22","21","1","7","1","C","","",""
"UNIONVILLE","SR 1001","0.1","N","SR 1665","SR 2713","SR 1001","2.315","","106572777","2021-05-11","29","1","0","1","C","","",""
"RURAL","SR 1001","1.0","N","US 601","SR 1620","SR 1001","1.0","","106572928","2021-05-11","19","1","0","1","C","","",""
"UNIONVILLE","SR 1627","0.0","","SR 1606","SR 1633","SR 1627","1.256","","106592205","2021-06-02","30","1","7","5","C","","",""
"FAIRVIEW","NC 218","0.0","","SR 1606","SR 1609","NC 218","8.082","","106620331","2021-06-24","30","1","7","1","A","","",""
"FAIRVIEW","NC 218","0.0","","SR 1001","NC 200","NC 218","9.786","","106655032","2021-08-04","30","1","7","1","O","","",""
"UNIONVILLE","SR 1001","0.25","S","SR 1665","SR 1620","SR 1001","1.965","","106709721","2021-09-21","27","3","4","1","B","","",""
"UNIONVILLE","SIKES MILL","0.038","N","CLONTZ LONG","*LCL TYLER RIDGE CT ","SIKES MILL","999.999","","107553868","2023-12-02","17","1","0","5","O","","",""
"UNIONVILLE","US 601","0.0","","SR 1001","SR 1504","US 601","18.007","","105644357","2018-10-16","24","1","8","1","C","","",""
"RURAL","NC 218","0.0","","SR 1001","SR 1639","NC 218","9.786","","106759634","2021-11-05","30","1","7","1","O","","",""
"RURAL","SR 1001","0.0","","SR 1617","","SR 1001","3.461","","106743409","2021-10-25","30","1","7","5","O","","",""
"UNIONVILLE","SR 1001","0.1","N","SR 1665","SR 2713","SR 1001","2.315","","106678989","2021-08-29","29","1","0","1","O","","",""
"UNIONVILLE","SR 1606","0.21","S","SR 1611","SR 1615","SR 1606","4.219","","107562167","2023-12-13","29","1","0","5","O","35.11529","-80.48699","DMV349CLEANED"
"UNIONVILLE","LOVE MILL","0.0","","ZEBULON WILLIAMS","*LCL AGR NANCE ROAD ","SR 1001","6.69","","107319519","2023-03-20","23","1","8","1","C","","",""
"UNIONVILLE","PIEDMONT SCHOOL","0.019","N","LOVE MILL","DEAD END","","999.999","","107528155","2023-11-14","21","1","12","1","O","","",""
"UNIONVILLE","PVA MARATHON GAS","0.019","W","SR 1001","DEAD END","","999.999","","106747056","2021-10-29","31","1","0","1","O","","",""
"UNIONVILLE","SR 1606","0.0","","NC 200","SR 1627","SR 1606","999.999","","106732357","2021-10-17","30","1","7","1","C","","",""
"UNIONVILLE","SR 1001","0.2","NE","SR 1615","SR 1619","SR 1001","3.071","","107287148","2023-03-21","18","1","0","5","O","","",""
"UNIONVILLE","US 601","0.0","","SR 1001","SR 1505","US 601","18.007","","104721418","2016-04-25","24","1","8","1","O","","",""
"RURAL","SR 1606","1.2","N","SR 1006","SR 1627","SR 1606","999.999","","106782341","2021-11-26","17","1","0","5","O","","",""
"RURAL","US 601","0.0","","SIKES MILL","MAPLE HILL","US 601","18.007","","105212692","2017-08-24","23","1","7","5","C","","",""
"UNIONVILLE","SIKES MILL","0.38","NE","BAUCOM","CHANEY","SR 1001","1.732","","107720690","2024-05-16","19","1","0","3","O","","",""
"FAIRVIEW","NC 218","0.0","","SR 1001","SR 1610","NC 218","9.786","","107287156","2023-03-28","30","1","7","1","B","","",""
"RURAL","NC 218","0.0","","SR 1001","NC 200","NC 218","9.786","","106880793","2022-03-05","30","1","7","1","B","","",""
"RURAL","SR 1001","0.19","N","SR 1620","SR 1665","SR 1001","1.542","","106844875","2022-01-27","17","1","0","5","O","","",""
"UNIONVILLE","SR 1001","0.1","N","SR 1674","SR 1638","SR 1001","4.898","","107890769","2024-10-20","17","1","0","5","O","35.098165","-80.43696","DMV349CLEANED"
"UNIONVILLE","SR 1001","0.3","W","SR 1619","SR 1615","SR 1001","3.161","","106922517","2022-04-15","17","1","0","5","O","","",""
"UNIONVILLE","SIKES MILL","0.029","N","BAUCOM","CHANEY","SR 1001","1.381","","106254958","2020-06-19","19","1","8","1","C","","",""
"RURAL","SIKES MILL","1.35","S","BAUCOM","US 601","SR 1001","0.002","","106252525","2020-06-07","19","1","8","5","O","","",""
"UNIONVILLE","TOM BOYD","0.16","NE","OLD CAMDEN","*LCL LATHAM WOODS DR ","","999.999","","106910957","2022-04-04","17","1","0","5","O","","",""
"RURAL","SR 1001","0.0","","US 601","SR 1504","SR 1001","0.0","","106852598","2022-02-05","19","1","8","5","O","","",""
"RURAL","SR 1547","0.0","","SR 1606","SR 1607","SR 1547","2.101","","106800779","2021-12-11","30","1","7","1","C","","",""
"RURAL","SR 1001","0.052","N","SR 1665","SR 2713","SR 1001","2.267","","106807050","2021-12-18","5","1","0","5","C","","",""
"UNIONVILLE","SR 1606","0.0","","SR 1618","SR 1001","SR 1606","6.066","","106871624","2022-02-17","26","1","10","1","O","","",""
"UNIONVILLE","SR 1606","0.2","S","SR 1638","SR 1618","SR 1606","5.216","","107149014","2022-11-12","17","1","0","1","O","","",""
"UNIONVILLE","US 601","0.0","","SIKES MILL","RIDGE","US 601","18.007","","106925270","2022-04-18","24","1","8","1","O","","",""
"UNIONVILLE","SR 1001","0.5","E","SR 1615","SR 1617","SR 1001","3.371","","107011153","2022-07-07","19","1","0","1","O","","",""
"RURAL","NC 218","0.0","","SR 1001","SR 1606","NC 218","9.786","","107011234","2022-07-08","30","1","7","1","C","","",""
"RURAL","NC 218","0.0","","SR 1001","SR 1606","NC 218","9.786","","107011232","2022-07-08","28","1","7","1","B","","",""
"UNIONVILLE","SR 1606","0.4","S","SR 1615","SR 1678","SR 1606","4.991","","106958785","2022-05-16","21","1","8","1","C","","",""
"UNIONVILLE","LOVE MILL","0.0","","NC 218","HAGLER","SR 1001","8.137","","105472692","2018-05-04","21","1","7","1","O","","",""
"UNIONVILLE","SR 1606","0.2","SW","SR 1611","SR 1615","SR 1606","4.209","","106998073","2022-06-25","19","1","0","1","B","","",""
"RURAL","SR 1001","0.0","","SR 1604","SR 1547","SR 1001","999.999","","104914991","2016-11-13","17","1","0","1","O","","",""
"FAIRVIEW","SR 1606","0.0","","SR 1547","SR 1607","SR 1606","1.587","","107059898","2022-08-29","30","1","7","3","O","","",""
"UNIONVILLE","PVA PIEDMONT HIGH SCHOOL","0.004","E","SR 1606","SR 1678","","999.999","","107118944","2022-10-13","31","1","4","1","O","","",""
"RURAL","NC 218","0.0","","SR 1001","SR 1547","NC 218","9.786","","107040279","2022-08-03","30","1","7","1","O","","",""
"UNIONVILLE","SR 1001","0.01","N","SR 1665","SR 1615","SR 1001","2.225","","107059684","2022-08-28","19","1","0","1","","","",""
"FAIRVIEW","SR 1606","0.0","","SR 1547","NC 218","SR 1606","1.587","","106990488","2022-06-16","30","1","7","1","O","","",""
"RURAL","SR 1001","0.4","S","NC 218","SR 1657","SR 1001","7.737","","106117344","2020-01-06","19","1","0","5","O","","",""
"UNIONVILLE","SR 1001","0.016","N","SR 1653","NC 218","SR 1001","6.706","","106263795","2020-06-30","19","1","0","1","O","","",""
"UNIONVILLE","SR 1001","0.035","N","SR 1668","SR 1674","SR 1001","4.639","","107121599","2022-10-22","26","1","0","1","O","","",""
"UNIONVILLE","SR 1001","0.3","S","SR 1615","SR 2713","SR 1001","2.571","","107054448","2022-08-16","29","1","0","1","O","","",""
"FAIRVIEW","NC 218","0.0","","SR 1606","SR 1547","NC 218","8.082","","107122762","2022-10-20","30","1","7","1","O","","",""
"RURAL","SR 1606","0.0","","SR 1547","SR 1607","SR 1606","1.587","","107089024","2022-09-22","30","1","7","1","B","","",""
"UNIONVILLE","SR 1001","0.005","N","US 601","SR 1620","SR 1001","0.005","","107088923","2022-09-21","21","1","8","1","O","","",""
"RURAL","SR 1606","0.1","S","SR 1607","SR 1605","SR 1606","1.184","","107119047","2022-10-22","17","1","0","5","O","","",""
"RURAL","SR 1001","0.3","N","SR 1620","SR 1665","SR 1001","1.652","","107125512","2022-10-27","27","1","0","5","C","","",""
"UNIONVILLE","SR 1001","0.2","N","SR 1678","SR 1676","SR 1001","999.999","","105623790","2018-09-27","26","1","0","1","O","","",""
"RURAL","SR 1001","0.1","E","ZEPHYR","SR 1794","SR 1001","999.999","","106364269","2020-10-08","29","1","0","1","O","","",""
"UNIONVILLE","SR 1606","0.4","S","SR 1638","SR 1001","SR 1606","5.416","","107082969","2022-09-16","27","1","0","1","A","","",""
"FAIRVIEW","NC 218","0.0","","SIKES MILL","BRIEF","NC 218","8.082","","107035876","2022-08-04","30","1","7","1","C","","",""
"RURAL","SR 1001","0.5","N","SR 1665","SR 1615","SR 1001","2.715","","107158545","2022-11-24","17","1","0","5","O","","",""
"RURAL","NC 218","0.0","","SR 1606","SR 1610","NC 218","8.082","","107139136","2022-11-07","30","1","7","5","O","","",""
"RURAL","NC 218","0.0","","SR 1606","SR 1001","NC 218","8.082","","107194746","2022-12-27","21","1","7","5","C","","",""
"UNIONVILLE","SR 1001","0.0","","SR 1668","DEAD END","SR 1001","4.604","","107215772","2023-01-11","26","1","8","5","C","","",""
"UNIONVILLE","SIKES MILL","0.28","N","TOM BOYD","LAWYERS","SR 1001","3.741","","107216209","2023-01-18","19","1","0","1","O","","",""
"RURAL","SR 1001","0.5","E","SR 1615","SR 1611","SR 1001","3.371","","107210295","2023-01-09","17","1","0","1","O","","",""
"UNIONVILLE","SR 1001","0.5","S","BAUCOM","US 601","SR 1001","0.852","","104938752","2016-12-06","17","1","0","5","O","","",""
"RURAL","NC 218","0.028","W","LOVE MILL","BRIEF","NC 218","9.758","","107144129","2022-11-13","17","1","0","5","O","","",""
"FAIRVIEW","NC 218","0.0","","SIKES MILL","BRIEF","NC 218","8.082","","107183135","2022-12-16","30","1","7","1","O","","",""
"UNIONVILLE","SR 1001","0.25","N","BAUCOM","SPRING LAKE","SR 1001","1.602","","107128674","2022-10-31","21","1","0","1","C","","",""
"UNIONVILLE","SR 1001","0.014","S","TOM BOYD","SR 1606","SR 1001","3.447","","105553349","2018-07-23","18","2","0","1","O","","",""
"RURAL","SR 1001","0.5","N","AGR NANCE","ZEBULON WILLIAMS","SR 1001","6.731","","105635077","2018-10-11","17","1","0","5","O","","",""
"FAIRVIEW","SR 1604","0.0","","SR 1606","CL-STANLY","SR 1604","0.0","","107178464","2022-11-30","24","2","8","5","C","","",""
"UNIONVILLE","SR 1001","0.004","N","SPRING LAKE","SR 1620","SR 1001","0.889","","106976262","2022-06-02","19","1","0","5","C","","",""
"UNIONVILLE","SR 1617","0.2","SE","SR 1615","SR 1001","SR 1617","0.2","","107295872","2023-04-05","17","1","0","5","O","","",""
"RURAL","SR 1001","0.2","SW","SR 1653","SR 1654","SR 1001","6.49","","105046828","2017-03-20","19","1","0","1","","","",""
"UNIONVILLE","SR 1001","0.0","","SR 1637","SR 1678","SR 1001","4.11","","105087246","2017-04-24","26","2","10","5","O","","",""
"RURAL","SR 1001","0.2","N","SR 1637","SR 1674","SR 1001","4.31","","106017163","2019-10-02","23","1","0","1","O","","",""
"RURAL","SR 1001","0.057","S","SR 1611","SR 1615","SR 1001","999.999","","106496450","2021-02-22","17","1","0","1","O","","",""
"UNIONVILLE","SR 1001","0.0","","SR 1637","SR 1001","SR 1001","4.11","","106482550","2021-02-05","32","1","10","5","O","","",""
"NEW SALEM","SR 1001","1.0","N","NC 218","SR 1664","SR 1001","9.137","","106286245","2020-07-21","17","1","0","1","O","","",""
"RURAL","SR 1001","0.1","S","SR 1610","SR 1655","SR 1001","999.999","","106078976","2019-11-30","17","1","0","5","O","","",""
"RURAL","SR 1001","0.0","","NC 218","SR 1655","SR 1001","8.137","","105414167","2018-02-23","23","1","7","5","O","","",""
"RURAL","SR 1001","0.25","N","SR 1663","SR 1664","SR 1001","8.899","","107069209","2022-09-01","17","1","0","5","O","","",""
"RURAL","SR 1001","0.0","","SR 1655","SR 1656","SR 1001","7.256","","105344475","2018-01-06","27","1","8","1","C","","",""
"UNIONVILLE","SIKES MILL","0.33","N","TOM BOYD","OLD CAMDEN","SR 1001","3.791","","107187995","2022-12-18","17","1","0","5","O","","",""
"UNIONVILLE","SR 1001","0.4","N","SR 1638","SR 1675","SR 1001","5.626","","105335407","2017-12-28","29","1","0","1","O","","",""
"UNIONVILLE","SIKES MILL","0.095","S","HAIGLER BAUCOM","HENRY SMITH","SIKES MILL","999.999","","106918739","2022-04-11","19","1","0","1","O","","",""
"UNIONVILLE","SR 1001","0.1","S","SR 1638","SR 1674","SR 1001","5.126","","105748330","2019-01-20","18","1","0","5","O","","",""
"UNIONVILLE","SR 1001","0.1","S","SR 1618","SR 1617","SR 1001","3.994","","106743564","2021-10-27","17","1","0","1","O","","",""
"RURAL","SR 1001","0.7","S","SR 1638","SR 1674","SR 1001","4.526","","105670531","2018-11-05","20","2","0","1","O","","",""
"UNIONVILLE","SR 1001","0.2","N","SR 1688","SR 1674","SR 1001","999.999","","105820903","2019-04-02","19","4","0","1","O","","",""
"RURAL","SR 1001","0.0","","SR 1655","SR 1656","SR 1001","7.256","","107127894","2022-10-28","19","1","0","1","C","","",""
"UNIONVILLE","SIKES MILL","0.028","S","TOM HELMS","TOM BOYD","SR 1001","4.066","","107181511","2022-12-15","19","2","10","1","O","","",""
"RURAL","SR 1001","0.32","S","SR 1675","SR 1638","SR 1001","5.645","","105555467","2018-07-22","1","1","0","1","O","","",""
"UNIONVILLE","SIKES MILL","0.0","","BAUCOM","US 601","SR 1001","1.352","","107030009","2022-07-29","13","1","8","1","O","","",""
"RURAL","SIKES MILL","0.095","S","CHANEY","BAUCOM","SR 1001","2.12","","105302586","2017-11-28","17","1","0","5","O","","",""
"UNIONVILLE","LOVE MILL","0.21","NE","BRASSWELL RUSHING","GRASSY","SR 1001","6.175","","104863234","2016-09-23","19","1","0","6","C","","",""
"UNIONVILLE","SR 1001","0.2","N","SR 1675","GRASSY","SR 1001","6.165","","105545920","2018-07-18","24","1","5","1","O","","",""
"UNIONVILLE","SR 1001","0.1","S","SR 1610","SR 1601","SR 1001","999.999","","104726807","2016-05-08","23","1","5","5","A","35.126039","-80.479625","ITRE_SEVEREINJURY"
"UNIONVILLE","SR 1001","0.1","N","SR 1628","SR 1631","SR 1001","999.999","","105062524","2017-04-03","30","2","0","1","C","","",""
"NEW SALEM","SR 1001","0.5","N","NC 218","SR 1639","SR 1001","8.637","","104740509","2016-05-09","1","1","0","1","O","","",""
"UNIONVILLE","SIKES MILL","0.019","S","BAUCOM","SPRING LAKE","SR 1001","1.333","","106776645","2021-11-19","17","1","0","5","O","","",""
"UNIONVILLE","SIKES MILL","0.12","NE","UNIONVILLE","TOM BOYD","SR 1001","2.991","","106000270","2019-09-21","19","1","0","1","O","","",""
"UNIONVILLE","LOVE MILL","0.0","","PIEDMONT SCHOOL","*LCL PURSER RUSHING ROAD ","SR 1001","4.604","","106755818","2021-11-08","26","1","8","1","O","","",""
"RURAL","SIKES MILL","0.2","S","OLD FERRY","BRIEF","SIKES MILL","999.999","","106023012","2019-10-15","17","1","0","5","O","","",""
"UNIONVILLE","TOM HELMS","0.0","","SIKES MILL","","SR 1001","4.094","","105402668","2018-03-06","30","2","10","1","O","","",""
"UNIONVILLE","SIKES MILL","0.0","","PIEDMONT SCHOOL","HENRY SMITH","SIKES MILL","999.999","","105787598","2019-02-28","24","1","8","1","C","","",""
"RURAL","SIKES MILL","0.13","S","LAWYERS","TOM BOYD","SR 1001","3.98","","106083176","2019-12-04","17","1","0","5","O","","",""
"UNIONVILLE","LOVE MILL","0.2","NE","SIKES MILL","*LCL PURSER RUSHING RD ","LOVE MILL","999.999","","105536078","2018-07-09","17","1","0","2","O","","",""
"RURAL","SR 1001","0.15","W","SR 1753","SR 1754","SR 1001","999.999","","105518601","2018-06-16","19","1","0","1","O","","",""
"NEW SALEM","SR 1672","0.0","","SR 1001","","SR 1672","999.999","","105067773","2017-04-03","19","1","8","1","O","","",""
"UNIONVILLE","SR 1001","0.2","NE","SR 1606","PIEDMONT SCHOOL","SR 1001","4.294","","104987919","2017-01-26","29","1","0","1","O","","",""
"FAIRVIEW","SIKES MILL","0.076","S","OLD FERRY","BRIEF","SIKES MILL","999.999","","106285749","2020-07-24","29","2","0","1","O","","",""
"FAIRVIEW","SIKES MILL","0.19","N","NC 218","BRIEF","SIKES MILL","999.999","","107132496","2022-11-03","28","1","0","1","O","","",""
"UNIONVILLE","SIKES MILL","0.23","SW","BAUCOM","US 601","SR 1001","1.122","","105934391","2019-07-22","19","1","0","1","O","","",""
"RURAL","SIKES MILL","0.24","S","CHANEY","BAUCOM","SR 1001","1.975","","105178227","2017-07-31","19","1","0","5","O","","",""
"UNIONVILLE","SIKES MILL","0.057","E","BAUCOM","CHANEY","SR 1001","1.409","","106790781","2021-12-03","28","1","0","1","O","","",""
"UNIONVILLE","SIKES MILL","0.19","N","OLD FERRY","*LCL BIGGERS CEMETERY RD ","SIKES MILL","999.999","","106626412","2021-07-09","29","2","0","1","O","","",""
"UNIONVILLE","SR 1001","0.1","S","SR 1638","SR 1674","SR 1001","5.126","","107149319","2022-11-16","17","1","0","5","O","","",""
"NEW SALEM","SR 1001","0.1","N","SR 1663","SR 1664","SR 1001","8.749","","105964117","2019-08-13","19","2","0","1","O","","",""
"UNIONVILLE","SR 1001","0.3","N","NC 218","SR 1547","SR 1001","8.437","","105838344","2019-04-18","17","1","0","5","O","","",""
"UNIONVILLE","SR 1001","0.2","S","SR 1610","SR 1654","SR 1001","999.999","","105363575","2018-01-24","29","1","0","5","O","","",""
"UNIONVILLE","SIKES MILL","0.076","N","SPRING LAKE","BAUCOM","SR 1001","0.961","","105442537","2018-04-12","19","1","0","1","O","","",""
"UNIONVILLE","SIKES MILL","0.25","N","BRIARCLIFF","UNIONVILLE","SR 1001","2.775","","106042505","2019-10-16","1","3","0","1","O","","",""
"UNIONVILLE","SIKES MILL","0.0","","TOM BOYD","UNIONVILLE","SR 1001","3.461","","106772984","2021-11-19","30","1","7","1","O","","",""
"RURAL","SR 1001","0.095","S","SR 1654","SR 1675","SR 1001","6.136","","106893722","2022-03-16","17","1","0","1","O","","",""
"RURAL","SR 1001","0.2","S","SR 1508","SR 1503","SR 1001","999.999","","105717397","2018-12-17","21","1","0","1","O","","",""
"RURAL","SR 1001","0.019","N","SR 1656","NC 218","SR 1001","7.298","","105308467","2017-12-03","17","1","8","5","O","","",""
"UNIONVILLE","SR 1001","0.0","","SR 1637","SR 1636","SR 1001","4.11","","105337648","2017-12-19","30","1","10","5","B","","",""
"UNIONVILLE","SR 1001","0.0","","SR 1547","SR 1655","SR 1001","999.999","","105273256","2017-10-27","24","1","7","1","C","","",""
"HEMBY BRIDGE","SR 1001","0.2","S","SR 1004","SR 2492","SR 1001","999.999","","104794097","2016-07-15","1","1","0","1","O","","",""
"UNIONVILLE","SR 1001","0.75","S","SR 1638","SR 1688","SR 1001","4.476","","106194121","2020-03-24","17","1","0","5","O","","",""
"UNIONVILLE","SIKES MILL","0.22","N","PIEDMONT SCHOOL","HAIGLER BAUCOM","SIKES MILL","999.999","","104745060","2016-05-26","21","1","0","1","O","","",""
"UNIONVILLE","SIKES MILL","0.19","S","TOM BOYD","SIKES MILL","SR 1001","3.271","","104712202","2016-04-23","19","2","0","5","O","","",""
"RURAL","SR 1001","0.4","N","SR 1664","SR 1152","SR 1001","10.045","","106674471","2021-07-21","19","1","0","1","B","","",""
"FAIRVIEW","SR 1001","0.1","S","SR 1663","SR 1639","SR 1001","8.549","","106934042","2022-04-25","5","1","0","1","C","","",""
"RURAL","SR 1001","1.0","E","SR 1524","SR 1007","SR 1001","999.999","","107177955","2022-12-10","21","1","0","1","O","","",""
"RURAL","SR 1001","0.7","S","SR 1606","SR 1640","SR 1001","3.394","","106325966","2020-08-19","29","1","2","1","O","","",""
"UNIONVILLE","SIKES MILL","0.5","S","TOM BOYD","UNIONVILLE","SR 1001","2.961","","106582879","2021-05-24","17","1","0","1","O","","",""
"RURAL","SR 1001","0.0","","SR 1637","SR 1606","SR 1001","4.11","","106532803","2021-03-31","26","1","10","1","O","","",""
"UNIONVILLE","SR 1001","0.0","","SR 1638","SR 1674","SR 1001","5.226","","105561390","2018-08-01","30","1","7","1","O","","",""
"UNIONVILLE","SR 1001","0.3","N","SR 1678","SR 1615","SR 1001","999.999","","104835188","2016-08-31","29","1","0","1","O","","",""
"RURAL","SR 1001","0.75","N","NC 218","SANTA CLAUS","SR 1001","8.887","","105604627","2018-09-16","18","2","0","5","O","","",""
"UNIONVILLE","SR 1001","0.1","NE","SR 1606","PIEDMONT SCHOOL","SR 1001","4.194","","104695165","2016-04-04","19","1","0","1","O","","",""
"RURAL","SR 1001","0.1","S","CL-STANLY","SR 1664","SR 1001","10.376","","104947533","2016-12-14","19","2","0","5","B","","",""
"UNIONVILLE","SR 1001","1.5","N","SR 1367","SR 1606","SR 1001","999.999","","104852366","2016-09-14","29","1","0","5","O","","",""
"RURAL","SR 1001","0.0","","SR 1656","SR 1655","SR 1001","7.279","","106846006","2022-01-27","24","1","8","1","O","","",""
"UNIONVILLE","SR 1001","0.1","S","SR 1638","SR 1674","SR 1001","5.126","","105260877","2017-10-15","19","1","0","5","O","","",""
"UNIONVILLE","SR 1001","0.3","S","SR 1678","SR 1618","SR 1001","999.999","","106458989","2020-12-23","19","1","0","1","O","","",""
"RURAL","SR 1001","0.3","N","SR 1664","CL-STANLY","SR 1001","9.945","","106138896","2020-01-27","19","1","0","1","C","","",""
"UNIONVILLE","SR 1001","0.0","","SR 1637","SR 1001","SR 1001","4.11","","105414221","2018-03-14","26","1","10","5","O","","",""
"UNIONVILLE","SR 1001","0.014","S","SR 1638","SR 1674","SR 1001","5.212","","105196253","2017-08-18","31","1","0","5","O","","",""
"FAIRVIEW","SR 1001","0.9","N","SR 1654","SR 1610","SR 1001","7.131","","105778686","2019-02-11","5","2","0","1","C","","",""
"RURAL","SR 1001","0.0","","SR 1653","SR 1654","SR 1001","6.69","","106620818","2021-06-25","24","1","8","1","B","","",""
"UNIONVILLE","LOVE MILL","0.25","N","*LCL PURSER RUSHING RD ","HAIGLER BAUCOM","","999.999","","108479327","2026-04-28","17","1","0","5","O","","",""
"UNIONVILLE","SIKES MILL","0.21","N","HENRY SMITH","HAIGLER BAUCOM","SIKES MILL","999.999","","107337337","2023-05-16","21","1","0","1","O","","",""
"UNIONVILLE","SIKES MILL","0.095","S","LOVE MILL","TOM BOYD","SR 1001","4.015","","107319455","2023-03-07","17","1","0","1","O","","",""
"FAIRVIEW","SR 1606","0.095","N","SR 1607","SR 1604","SR 1606","0.989","","107325118","2023-05-04","17","1","0","5","O","","",""
"UNIONVILLE","SIKES MILL","0.095","N","BAUCOM","CHANEY","SR 1001","1.447","","107319625","2023-04-11","29","1","0","1","O","","",""
"RURAL","SR 1606","0.6","S","SR 1547","NC 218","SR 1606","2.187","","107283618","2023-03-25","19","2","0","1","O","","",""
"RURAL","US 601","0.015","S","SR 1001","SR 1504","US 601","17.992","","107931418","2024-10-18","14","1","0","5","K","35.032613","-80.536895","VHB_PEDBIKE"
"UNIONVILLE","SR 1606","0.0","","SR 1688","SR 1618","SR 1606","5.728","","107281872","2023-03-23","23","1","0","1","O","","",""
"RURAL","SR 1001","0.009","E","SR 1663","NC 218","SR 1001","8.658","","107330783","2023-05-06","17","1","0","5","O","","",""
"FAIRVIEW","SR 1606","0.0","","SR 1547","SR 1607","SR 1606","1.587","","107313774","2023-04-11","30","1","7","1","O","","",""
"UNIONVILLE","SR 1001","0.1","SW","SR 1665","SR 1620","SR 1001","2.115","","107412806","2023-07-31","29","1","0","1","C","","",""
"UNIONVILLE","SR 1001","0.3","N","US 601","SR 1620","SR 1001","0.3","","107224114","2023-01-24","19","1","0","5","O","","",""
"UNIONVILLE","SR 1001","0.2","N","SR 1675","SR 1654","SR 1001","6.165","","107329666","2023-05-08","21","1","0","1","O","","",""
"UNIONVILLE","PVA 2623 SIKES MILL RD","0.009","W","SR 1001","SR 1618","","999.999","","107250998","2023-02-09","20","1","4","1","O","","",""
"RURAL","SR 1001","0.0","","NC 218","SR 1639","SR 1001","8.137","","107214357","2023-01-15","30","1","7","1","B","","",""
"UNIONVILLE","SIKES MILL","0.095","S","HENRY SMITH","TOM HELMS","SIKES MILL","999.999","","107217101","2023-01-19","24","2","4","1","C","","",""
"FAIRVIEW","NC 218","0.009","W","SIKES MILL","*LCL CROOKED CREEK CH RD ","NC 218","8.073","","107209411","2023-01-11","21","1","12","1","C","","",""
"UNIONVILLE","NC 200","0.0","","SR 1606","SR 1633","NC 200","25.69","","107224951","2023-01-22","23","2","7","5","O","","",""
"RURAL","SR 1665","0.008","W","SR 1001","SR 2709","SR 1665","0.008","","107374234","2023-06-21","19","2","8","1","C","","",""
"RURAL","SR 1001","0.0","","NC 218","NC 200","SR 1001","8.137","","107384204","2023-06-30","30","1","7","5","C","","",""
"RURAL","SR 1001","0.0","","NC 218","SR 1639","SR 1001","8.137","","107423069","2023-08-11","30","1","0","1","O","","",""
"RURAL","SR 1606","0.2","N","SR 1678","SR 1638","SR 1606","5.596","","107360456","2023-06-06","29","1","0","1","O","","",""
"UNIONVILLE","SIKES MILL","0.038","N","US 601","SPRING LAKE","SR 1001","0.038","","107395905","2023-07-14","19","1","0","1","O","","",""
"RURAL","*PP 2815 OLD CAMDEN RD ","0.019","W","SR 1606","DEAD END","","999.999","","107479024","2023-10-04","20","1","5","5","O","","",""
"UNIONVILLE","SR 1001","0.3","S","SR 1638","SR 1674","SR 1001","4.926","","107423126","2023-08-12","17","1","0","5","O","","",""
"UNIONVILLE","SR 1001","0.0","","SR 1654","SR 1653","SR 1001","6.231","","107363964","2023-06-12","21","1","8","1","O","","",""
"UNIONVILLE","SR 1001","0.24","S","SR 1620","US 601","SR 1001","1.112","","108478263","2026-04-24","23","1","0","1","O","35.05437","-80.52348","DMV349"
"RURAL","LOVE MILL","1.2","N","ZEBULON WILLIAMS","CARRIKER","SR 1001","7.89","","107535604","2023-11-21","17","2","0","5","O","","",""
"RURAL","SR 1547","0.0","","SR 1606","US 601","SR 1547","2.101","","107547852","2023-11-28","30","1","7","1","B","35.1478","-80.47555","DMV349CLEANED"
"UNIONVILLE","SIKES MILL","0.009","N","TOM HELMS","HENRY SMITH","SR 1001","4.103","","107554045","2023-11-28","28","1","10","5","O","","",""
"RURAL","SR 1001","0.1","N","SR 1615","SR 1619","SR 1001","2.971","","107410107","2023-07-29","17","1","0","1","O","","",""
"UNIONVILLE","SR 1615","0.0","","SR 1001","SR 1619","SR 1615","2.89","","107574676","2023-12-23","19","1","8","5","O","35.07595","-80.50811","DMV349CLEANED"
"UNIONVILLE","SR 1001","0.0","","SR 1655","SR 1656","SR 1001","7.256","","107575087","2023-12-22","24","1","8","5","O","35.12313","-80.45792","DMV349CLEANED"
"FAIRVIEW","SIKES MILL","0.11","N","NC 218","BRIEF","SIKES MILL","999.999","","107575353","2023-12-26","19","2","0","1","O","","",""
"RURAL","SR 1001","0.076","N","SR 1620","SR 1645","SR 1001","1.428","","107976497","2024-12-29","19","2","0","5","O","35.060048","-80.52142","DMV349CLEANED"
"UNIONVILLE","SR 1001","0.066","S","SR 1617","SR 1615","SR 1001","3.395","","107405320","2023-07-21","17","1","0","1","O","","",""
"UNIONVILLE","SR 1001","0.085","S","SR 1674","SR 1606","SR 1001","4.713","","107518060","2023-11-01","29","1","0","1","O","35.09489","-80.48599","DMV349CLEANED"
"UNIONVILLE","SR 1606","0.25","NW","NC 200","PRESSON FARM","SR 1606","999.999","","107613194","2024-02-03","23","1","0","1","O","35.06","-80.49","DMV349"
"UNIONVILLE","SIKES MILL","1.16","N","US 601","BAUCOM","SR 1001","1.16","","107470651","2023-09-19","17","1","0","5","O","","",""
"UNIONVILLE","SR 1001","0.004","N","US 601","SR 1620","SR 1001","0.004","","107405557","2023-07-22","21","1","9","1","O","","",""
"FAIRVIEW","NC 218","0.005","E","LOVE MILL","NC 200","NC 218","9.791","","107609800","2024-01-31","21","2","7","1","C","","",""
"RURAL","SR 1606","0.8","N","SR 1678","SR 1615","SR 1606","4.996","","107584544","2024-01-03","17","2","0","5","O","35.10365","-80.49062","DMV349CLEANED"
"RURAL","SR 1001","0.5","N","US 601","SR 1620","SR 1001","0.5","","107466297","2023-09-20","29","1","0","1","C","","",""
"UNIONVILLE","SR 1001","0.25","N","SR 1620","SR 1665","SR 1001","1.602","","107595975","2024-01-15","19","1","0","1","O","35.06","-80.52","DMV349"
"UNIONVILLE","SR 1001","0.01","NE","US 601","SR 1620","SR 1001","0.01","","107615459","2024-02-05","29","1","0","3","O","35.04076","-80.5309","DMV349CLEANED"
"UNIONVILLE","SR 1001","0.0","","SR 1618","SR 1693","SR 1001","4.094","","107587041","2024-01-06","26","1","10","5","O","35.0889","-80.49403","DMV349CLEANED"
"UNIONVILLE","SR 1001","0.0","","SR 1637","LOVE MILL","SR 1001","4.11","","107495749","2023-10-19","28","1","10","5","O","","",""
"UNIONVILLE","SIKES MILL","0.0","","TOM BOYD","UNIONVILLE","SR 1001","3.461","","107601791","2024-01-23","30","2","7","1","O","","",""
"FAIRVIEW","SIKES MILL","0.35","S","BRIEF","NC 218","SIKES MILL","999.999","","107562589","2023-12-14","19","1","0","1","O","","",""
"UNIONVILLE","LAWYERS","0.005","SE","SIKES MILL","OLD CAMDEN","LAWYERS","999.999","","107493499","2023-10-18","21","1","10","1","O","35.088954","-80.493752","ITRE_CMV"
"RURAL","SR 1006","0.0","","SR 1606","SR 2188","SR 1006","999.999","","107569594","2023-12-18","24","1","8","1","B","35.03187","-80.47551","DMV349CLEANED"
"UNIONVILLE","SR 1001","0.3","S","SR 1617","SR 1615","SR 1001","3.161","","107634836","2024-02-24","29","1","0","5","O","35.07842","-80.50516","DMV349CLEANED"
"UNIONVILLE","SR 1606","0.006","S","SR 1678","SR 1001","SR 1606","5.802","","107611797","2024-01-31","19","1","0","1","O","35.09593","-80.49285","DMV349CLEANED"
"FAIRVIEW","SIKES MILL","0.19","N","BRIEF","OLD FERRY","SIKES MILL","999.999","","108485442","2026-05-04","17","1","","1","O","","",""
"UNIONVILLE","SR 1001","0.0","","SR 1606","SR 1618","SR 1001","4.094","","107633193","2024-02-21","26","1","10","5","O","35.089281","-80.494","DMV349CLEANED"
"UNIONVILLE","SR 1001","0.2","S","SR 1615","SR 2713","SR 1001","2.671","","107693734","2024-04-19","17","1","0","1","O","35.07412","-80.5104","DMV349CLEANED"
"FAIRVIEW","NC 218","0.0","","SIKES MILL","BRIEF","NC 218","8.082","","107705518","2024-05-01","23","1","7","1","C","","",""
"UNIONVILLE","SR 1001","0.2","N","US 601","SR 1620","SR 1001","0.2","","107643542","2024-03-02","19","1","0","2","C","35.042236","-80.52955","DMV349CLEANED"
"RURAL","SR 1606","0.0","","SR 1547","SR 1607","SR 1606","1.587","","107659363","2024-03-18","30","1","7","1","O","35.14808","-80.47567","DMV349CLEANED"
"RURAL","NC 218","0.0","","SR 1606","SR 1547","NC 218","8.082","","107659355","2024-03-16","30","1","7","1","O","35.13035","-80.47907","DMV349CLEANED"
"UNIONVILLE","SR 1606","0.3","E","SR 1697","NC 200","SR 1606","999.999","","107647374","2024-03-07","19","1","0","1","O","35.05937","-80.4874","DMV349CLEANED"
"UNIONVILLE","PVA PIEDMONT MIDDLE SCHOOL","0.019","E","SIKES MILL","","","999.999","","107683218","2024-04-11","31","2","4","1","O","","",""
"FAIRVIEW","NC 218","0.0","","SIKES MILL","BRIEF","NC 218","8.082","","107751347","2024-06-14","24","1","7","1","C","","",""
"UNIONVILLE","PVA MARATHON GAS STATION","0.019","W","SR 1001","DEAD END","","999.999","","107692192","2024-04-18","31","1","4","1","O","35.0886","-80.49449","DMV349"
"UNIONVILLE","SR 1001","0.031","S","SR 2713","SR 1665","SR 1001","2.494","","107743856","2024-06-04","5","1","0","1","A","35.068813","-80.51643","DMV349CLEANED"
"FAIRVIEW","NC 218","0.0","","SIKES MILL","*LCL OLD FISH RD ","NC 218","8.082","","108486827","2026-05-04","28","1","10","1","O","","",""
"FAIRVIEW","SR 1606","0.006","S","NC 218","SR 1610","SR 1606","2.947","","107743765","2024-06-05","29","2","7","1","O","","",""
"UNIONVILLE","LOVE MILL","0.072","N","*LCL PURSER RUSHING RD ","HAIGLER BAUCOM","","999.999","","107756918","2024-06-20","23","1","5","3","O","","",""
"FAIRVIEW","SIKES MILL","0.3","N","OLD FERRY","*LCL BIGGERS CEMETRY RD ","SIKES MILL","999.999","","107748214","2024-06-12","17","1","0","1","O","","",""
"RURAL","SIKES MILL","0.13","N","SPRING LAKE","CHANEY","SR 1001","1.015","","107715447","2024-05-07","17","1","0","5","O","","",""
"UNIONVILLE","SIKES MILL","0.15","S","CLONTZ LONG","UNIONVILLE","SIKES MILL","999.999","","107408108","2023-07-27","29","1","0","1","O","","",""
"RURAL","SR 1656","0.0","","SR 1001","SR 1655","SR 1656","0.0","","107648441","2024-03-08","24","1","8","1","C","35.12324","-80.4575","DMV349CLEANED"
"UNIONVILLE","SIKES MILL","0.19","S","TOM BOYD","UNIONVILLE","SR 1001","3.271","","107653449","2024-03-13","29","1","0","1","O","","",""
"UNIONVILLE","SIKES MILL","0.21","N","UNIONVILLE","CLONTZ LONG","SR 1001","3.081","","106523220","2021-03-20","19","2","0","5","O","","",""
"RURAL","SR 1606","0.0","","SR 1627","NC 200","SR 1606","999.999","","107696630","2024-04-17","30","1","7","1","B","35.04972","-80.48138","DMV349CLEANED"
"RURAL","SIKES MILL","1.0","N","UNIONVILLE","CLONTZ LONG","SR 1001","3.871","","107319577","2023-04-02","17","1","0","5","O","","",""
"UNIONVILLE","SIKES MILL","0.25","S","CLONTZ LONG","UNIONVILLE","SIKES MILL","999.999","","107535602","2023-11-20","17","1","0","5","O","","",""
"UNIONVILLE","PVA PIEDMONT HS","0.028","E","SIKES MILL","","","999.999","","107711938","2024-05-07","23","1","4","1","O","","",""
"RURAL","NC 218","0.0","","SR 1001","NC 200","NC 218","9.786","","107715702","2024-05-11","30","1","7","1","O","35.13378","-80.44974","DMV349CLEANED"
"FAIRVIEW","SR 1606","0.1","SW","SR 1507","NC 218","SR 1606","999.999","","107737133","2024-05-30","29","1","0","1","O","35.145932","-80.478031","ITRE_CMV"
"UNIONVILLE","NC 200","0.01","N","SR 1606","SR 1637","NC 200","25.7","","107859973","2024-09-19","19","1","0","1","B","35.060963","-80.48599","DMV349CLEANED"
"FAIRVIEW","SR 1606","0.0","","SR 1547","SR 1607","SR 1606","1.587","","107737177","2024-05-29","30","1","7","5","O","35.14776","-80.47546","DMV349CLEANED"
"RURAL","SR 1001","0.0","","SR 1639","NC 218","SR 1001","8.536","","107852234","2024-09-14","14","1","0","5","A","35.139131","-80.446384","VHB_PEDBIKE"
"RURAL","US 601","0.0","","SR 1001","SR 1504","US 601","18.007","","107931666","2024-11-15","24","1","9","5","C","35.032614","-80.53691","DMV349CLEANED"
"FAIRVIEW","SR 1606","0.0","","SR 1547","SR 1607","SR 1606","1.587","","107892491","2024-10-19","30","1","7","1","O","35.14","-80.47","DMV349"
"FAIRVIEW","SIKES MILL","0.0","","OLD FERRY","*LCL BIGGERS CEMETERY RD ","SIKES MILL","999.999","","107885248","2024-10-16","23","1","7","1","O","","",""
"UNIONVILLE","TOM BOYD","0.29","SE","SIKES MILL","OLD CAMDEN","","999.999","","107906736","2024-10-28","17","1","0","5","O","","",""
"UNIONVILLE","SR 1001","1.0","N","US 601","SR 1620","SR 1001","1.0","","107900538","2024-10-21","14","1","0","1","C","35.0539","-80.523561","VHB_PEDBIKE"
"UNIONVILLE","SIKES MILL","0.19","N","LOVE MILL","HENRY SMITH","SR 1001","4.11","","107844522","2024-09-10","24","1","4","1","O","","",""
"RURAL","SR 1606","0.0","","SR 1547","NC 218","SR 1606","1.587","","107707929","2024-05-03","30","1","7","1","C","35.14785","-80.47548","DMV349CLEANED"
"RURAL","SR 1001","0.038","S","SR 1665","SR 1620","SR 1001","2.177","","107935833","2024-11-25","17","1","0","5","O","35.06681","-80.51741","DMV349CLEANED"
"UNIONVILLE","SR 1001","1.0","S","SR 1620","SPRING LAKE","SR 1001","0.352","","107943300","2024-12-01","17","1","0","5","O","35.05371","-80.52052","DMV349CLEANED"
"UNIONVILLE","SIKES MILL","0.0","","TOM HELMS","TOM BOYD","SR 1001","4.094","","108047061","2025-03-14","28","1","10","1","O","","",""
"UNIONVILLE","US 601","0.002","N","SR 1001","SR 1505","US 601","18.009","","107708011","2024-05-04","21","2","0","1","O","35.040357","-80.53178","DMV349CLEANED"
"UNIONVILLE","SR 1606","0.0","","SR 1618","SR 1678","SR 1606","6.066","","107997463","2025-01-18","30","2","10","5","O","35.089242","-80.49407","DMV349CLEANED"
"UNIONVILLE","SR 1001","0.0","","US 601","US 74","SR 1001","0.0","","108010266","2025-02-03","21","1","8","1","O","35.04","-80.53","DMV349"
"RURAL","SR 1606","0.1","N","SR 1604","CL-STANLY","SR 1606","0.105","","107999824","2025-01-21","19","5","0","5","O","35.169336","-80.47313","DMV349CLEANED"
"UNIONVILLE","PVA 709 SIKES MILL RD","0.005","W","SR 1001","DEAD END","","999.999","","107994713","2025-01-17","20","1","5","2","","","",""
"FAIRVIEW","SR 1606","0.2","N","SR 1547","SR 1607","SR 1606","1.387","","107731025","2024-05-25","29","1","0","5","O","35.15063","-80.47334","DMV349CLEANED"
"FAIRVIEW","SR 1606","0.76","N","SR 1607","SR 1604","SR 1606","0.324","","107977960","2025-01-01","17","1","0","5","O","35.16079","-80.47312","DMV349CLEANED"
"UNIONVILLE","SIKES MILL","0.038","N","*LCL PIEDMONT SCH RD ","HAIGLER BAUCOM","","999.999","","107926331","2024-11-15","24","1","4","1","O","","",""
"FAIRVIEW","SR 1606","0.8","N","NC 218","SR 1547","SR 1606","2.141","","107927512","2024-11-18","17","1","0","5","O","35.14643","-80.47709","DMV349CLEANED"
"UNIONVILLE","SR 1001","0.0","","SR 1617","SR 1681","SR 1001","3.461","","107902086","2024-10-28","30","1","7","1","O","35.08155","-80.50036","DMV349CLEANED"
"UNIONVILLE","SIKES MILL","0.24","SW","TOM BOYD","UNIONVILLE","SR 1001","3.221","","108025090","2025-02-11","19","2","0","5","O","","",""
"RURAL","SR 1606","0.3","N","SR 1006","SR 1627","SR 1606","999.999","","108052545","2025-03-18","19","1","0","5","C","35.036125","-80.47554","DMV349CLEANED"
"UNIONVILLE","SIKES MILL","0.11","S","TOM HELMS","TOM BOYD","SR 1001","3.984","","108072099","2025-04-08","29","1","0","1","O","","",""
"UNIONVILLE","SR 1606","1.5","NW","NC 200","MILL CREEK CHUR","SR 1606","999.999","","107505990","2023-10-27","17","1","0","3","O","","",""
"UNIONVILLE","SR 1001","0.0","","SR 1675","SR 1654","SR 1001","5.965","","108055290","2025-03-21","17","1","8","5","O","35.108503","-80.4725","DMV349CLEANED"
"UNIONVILLE","SR 1001","0.23","E","US 601","SPRING LAKE","SR 1001","0.23","","108184095","2025-07-21","19","1","0","1","A","35.045834","-80.52664","DMV349CLEANED"
"UNIONVILLE","SR 1001","0.1","N","SR 1615","SR 1617","SR 1001","2.971","","108184887","2025-07-27","19","1","0","1","A","35.08039","-80.50271","DMV349CLEANED"
"RURAL","SR 1001","0.12","N","SR 1656","NC 218","SR 1001","7.399","","108066713","2025-03-31","19","1","0","5","C","35.12462","-80.45634","DMV349CLEANED"
"UNIONVILLE","SR 1001","0.12","S","SR 1618","SR 1619","SR 1001","3.974","","108066712","2025-03-31","19","1","0","1","O","35.08755","-80.49453","DMV349CLEANED"
"UNIONVILLE","SR 1001","0.1","N","SR 1674","SR 1638","SR 1001","4.898","","108010852","2025-02-04","23","1","0","1","O","35.09","-80.48","DMV349"
"FAIRVIEW","SR 1606","0.1","N","SR 1547","NC 218","SR 1606","1.487","","108318481","2025-11-05","18","1","0","1","O","35.14495","-80.47997","DMV349CLEANED"
"UNIONVILLE","SIKES MILL","0.14","N","*LCL PIEDMONT SCH DR ","HAIGLER BAUCOM","","999.999","","108319024","2025-11-25","24","1","4","1","B","","",""
"RURAL","SR 1001","1.0","NE","NC 218","SR 1639","SR 1001","9.137","","108021945","2025-02-02","19","1","0","1","C","35.12502","-80.45609","DMV349CLEANED"
"UNIONVILLE","SR 1001","0.2","N","SR 1654","SR 1653","SR 1001","6.431","","108050644","2025-03-16","19","1","0","1","O","35.113697","-80.46643","DMV349CLEANED"
"RURAL","SR 1001","0.5","N","SR 1665","SR 2713","SR 1001","2.715","","108271610","2025-10-13","29","1","0","1","O","35.071635","-80.51358","DMV349CLEANED"
"RURAL","SR 1001","0.2","N","SR 1547","SR 1607","SR 1001","999.999","","108343169","2025-12-11","29","1","0","5","O","35.14858","-80.47485","DMV349CLEANED"
"UNIONVILLE","SR 1001","0.028","N","SR 1620","SR 1665","SR 1001","1.38","","108296963","2025-10-29","21","2","0","1","O","35.05","-80.52","DMV349"
"RURAL","SR 1001","0.0","","SR 1639","NC 218","SR 1001","8.536","","108145851","2025-06-14","17","1","0","5","O","35.138995","-80.44653","DMV349CLEANED"
"UNIONVILLE","PVA MARATHON","0.009","W","SR 1001","SR 1618","","999.999","","108345733","2025-12-19","20","1","4","1","O","35.08","-80.49","DMV349"
"UNIONVILLE","SIKES MILL","0.0","","UNIONVILLE","HAIGLER BAUCOM","SR 1001","2.871","","108179130","2025-07-22","19","1","0","1","C","","",""
"UNIONVILLE","SR 1606","0.6","W","NC 200","SR 1697","SR 1606","999.999","","108023442","2025-02-16","21","1","0","1","A","35.06645","-80.49057","DMV349CLEANED"
"FAIRVIEW","SIKES MILL","0.44","N","NC 218","BRIEF","SIKES MILL","999.999","","108296735","2025-11-06","29","1","0","5","O","","",""
"UNIONVILLE","SR 1001","0.2","E","SR 1674","SR 1638","SR 1001","4.998","","108279466","2025-10-23","17","1","0","1","O","35.09663","-80.48478","DMV349CLEANED"
"RURAL","SR 1001","0.22","SE","SR 1653","SR 1654","SR 1001","6.47","","108275804","2025-10-19","19","1","0","1","O","35.11388","-80.46619","DMV349CLEANED"
"UNIONVILLE","SR 1001","0.0","","SR 1617","SR 1606","SR 1001","3.461","","108279485","2025-10-23","30","1","7","1","C","35.081547","-80.50037","DMV349CLEANED"
"UNIONVILLE","SR 1688","0.0","","SR 1001","SR 1674","SR 1688","999.999","","108248173","2025-09-22","24","1","8","1","O","35.09387","-80.48769","DMV349CLEANED"
"UNIONVILLE","SR 1606","0.2","S","SR 1691","NC 200","SR 1606","999.999","","108320401","2025-11-20","23","1","0","1","O","35.07005","-80.49195","DMV349CLEANED"
"UNIONVILLE","PVA PIEDMONT MIDDLE SCHOOL","0.001","E","SIKES MILL","","","999.999","","108247372","2025-09-30","21","2","4","1","O","","",""
"UNIONVILLE","TOM BOYD","0.36","E","OLD CAMDEN","SIKES MILL","","999.999","","108277405","2025-10-24","17","1","0","3","B","","",""
"UNIONVILLE","SR 1001","0.053","N","SR 1620","SR 1665","SR 1001","1.405","","108285791","2025-10-29","29","2","0","1","O","35.05844","-80.52197","DMV349CLEANED"
"FAIRVIEW","SR 1606","0.0","","NC 218","*LCL OLD FISH RD ","SR 1606","2.941","","108248400","2025-09-24","28","1","10","1","O","35.130707","-80.47909","DMV349CLEANED"
"UNIONVILLE","LOVE MILL","0.41","S","BRIEF","NC 218","LOVE MILL","999.999","","108330211","2025-12-04","17","1","0","5","O","","",""
"UNIONVILLE","SR 1001","0.0","","SR 1617","SR 1618","SR 1001","3.461","","108250468","2025-10-01","30","1","7","5","O","35.081578","-80.50036","DMV349CLEANED"
"UNIONVILLE","SR 1606","0.076","N","SR 1688","SR 1638","SR 1606","5.652","","108134261","2025-06-06","19","1","0","5","B","35.097676","-80.49236","DMV349CLEANED"
"UNIONVILLE","US 601","0.0","","SR 1001","SR 1504","US 601","18.007","","108338300","2025-12-09","24","1","8","5","O","35.040332","-80.53181","DMV349CLEANED"
"FAIRVIEW","SR 1606","0.0","","SR 1610","NC 218","SR 1606","3.158","","108370708","2026-01-13","25","1","0","1","O","35.127524","-80.47974","DMV349CLEANED"
"RURAL","SR 1606","0.1","N","SR 1547","SR 1607","SR 1606","1.487","","108244970","2025-09-26","21","2","5","1","O","35.148995","-80.47455","DMV349CLEANED"
"FAIRVIEW","NC 218","0.01","E","SR 1606","SR 1547","NC 218","8.092","","108326425","2025-11-30","21","2","0","5","O","35.131031","-80.47403","DMV349CLEANED"
"UNIONVILLE","LOVE MILL","0.23","N","*LCL A G R NANCE RD ","ZEBULON WILLIAMS","","999.999","","108377465","2026-01-20","19","1","0","1","O","","",""
"UNIONVILLE","SR 1001","0.0","","SR 2713","SR 1615","SR 1001","2.525","","108377777","2026-01-19","23","1","8","1","O","35.072702","-80.51262","DMV349CLEANED"
"UNIONVILLE","SIKES MILL","0.005","N","TOM HELMS","HENRY SMITH","SR 1001","4.099","","108134024","2025-06-03","28","1","10","5","O","","",""
"RURAL","NC 218","0.0","","SR 1001","SR 1547","NC 218","9.786","","108267514","2025-10-14","21","1","0","1","O","35.13365","-80.44976","DMV349CLEANED"
"RURAL","SR 1606","0.3","N","SR 1607","SR 1604","SR 1606","0.784","","108416489","2026-02-27","19","1","0","5","O","35.159026","-80.4732","DMV349CLEANED"
"RURAL","SIKES MILL","1.0","N","UNIONVILLE","CLONTZ LONG","SR 1001","3.871","","108420507","2026-03-01","17","1","0","5","O","","",""
"UNIONVILLE","SR 1606","0.25","S","SR 1611","SR 1615","SR 1606","4.259","","108527675","2026-06-11","21","1","0","1","C","35.116088","-80.48566","DMV349"
"UNIONVILLE","SR 1001","0.0","","*LCL PEIDMONT SCHOOL RD ","SR 1674","","999.999","","108430866","2026-03-13","24","1","5","1","C","35.093641","-80.4873","DMV349CLEANED"
"UNIONVILLE","SIKES MILL","0.3","N","CARRIKER","*LCL OLD FISH RD ","SIKES MILL","999.999","","108496852","2026-05-13","17","1","0","5","O","","",""
"UNIONVILLE","US 601","0.0","","SR 1001","DEAD END","US 601","18.007","","108401808","2026-02-13","24","1","8","5","O","35.04264","-80.53251","DMV349CLEANED"
"RURAL","SR 1001","0.7","N","US 601","SR 1620","SR 1001","0.7","","108424807","2026-03-07","29","1","0","1","O","35.049281","-80.52564","DMV349CLEANED"
"FAIRVIEW","NC 218","0.019","W","SIKES MILL","MILL CREEK CHUR","NC 218","8.063","","108436294","2026-03-15","21","1","0","1","O","","",""
"UNIONVILLE","SR 1001","0.1","N","SR 1638","SR 1675","SR 1001","5.326","","108521472","2026-06-06","19","1","0","1","C","35.102127","-80.47925","DMV349"
"RURAL","SR 1001","0.0","","SR 1607","SR 1604","SR 1001","999.999","","108506936","2026-05-19","24","1","8","1","O","35.154566","-80.47302","DMV349"
"RURAL","SR 1681","0.007","N","SR 1617","SR 1612","SR 1681","999.999","","108526710","2026-06-06","21","1","12","1","O","35.076139","-80.49294","DMV349"
"UNIONVILLE","SR 1606","0.055","S","SR 1678","SR 1618","SR 1606","5.851","","108466476","2026-04-09","28","1","0","5","C","35.09216","-80.49361","DMV349"
"UNIONVILLE","SIKES MILL","0.36","S","TOM BOYD","UNIONVILLE","SR 1001","3.101","","108539563","2026-06-21","17","1","0","2","B","","",""
"RURAL","LOVE MILL","0.66","N","SANTA CLAUS","TITE","SR 1001","10.305","","108507895","2026-05-25","19","2","0","1","C","","",""
