"CRSH_ID","CNTY_NBR","MLPST_NBR","NBR_UNT_CNT","FRM_RD_CD","RD_ON_CD","DSTNC_MILE_FRM_RD_QTY","DRCTN_FRM_RD_CD","ACDNT_DT_TM","SVRTY_CD","ACC_TYP","RD_CONFIG","RD_COND","LT_COND","TRFC_CTRL","SPD_LMT_NBR","SPD_EST_NBR","SPD_AT_IMPCT_NBR","MANEUVER","VIOLATION","DIRECT","UNT_NBR"
"104908181","23","4.601","2","40001103","30000180","0","","11/08/2016 19:02","5","30","2","1","4","1","45","10","10","8","20","E","1"
"104908181","23","4.601","2","40001103","30000180","0","","11/08/2016 19:02","5","30","2","1","4","1","45","45","40","4","0","S","2"
"105162557","23","3.644","2","30000180","40001103","0","","07/16/2017 13:53","5","21","2","1","1","1","45","5","5","4","8","E","1"
"105162557","23","3.644","2","30000180","40001103","0","","07/16/2017 13:53","5","21","2","1","1","1","45","0","0","1","0","E","2"
"106032499","23","4.601","2","40001103","30000180","0","","10/14/2019 07:59","5","24","2","1","1","1","35","10","10","8","19","N","1"
"106032499","23","4.601","2","40001103","30000180","0","","10/14/2019 07:59","5","24","2","1","1","1","35","35","35","4","0","S","2"
"106234219","23","4.601","2","40001103","30000180","0","","05/23/2020 21:31","3","26","2","1","5","1","45","10","10","7","19","E","1"
"106234219","23","4.601","2","40001103","30000180","0","","05/23/2020 21:31","3","26","2","1","5","1","45","45","35","4","0","S","2"
"106423994","23","4.601","3","40001103","30000180","0","","12/01/2020 17:41","3","30","2","1","2","13","45","0","20","4","19","W","1"
"106423994","23","4.601","3","40001103","30000180","0","","12/01/2020 17:41","3","30","2","1","2","13","45","45","45","4","0","S","2"
"106423994","23","4.601","3","40001103","30000180","0","","12/01/2020 17:41","3","30","2","1","2","13","45","0","0","1","0","E","3"
"106442060","23","4.601","2","40001103","30000180","0","","12/19/2020 17:44","5","24","2","1","5","1","45","15","15","8","19","E","1"
"106442060","23","4.601","2","40001103","30000180","0","","12/19/2020 17:44","5","24","2","1","5","1","45","45","35","4","0","S","2"
"106691473","23","4.601","2","40001103","30000180","0","","08/24/2021 15:45","5","26","2","1","1","1","45","10","10","7","19","SE","1"
"106691473","23","4.601","2","40001103","30000180","0","","08/24/2021 15:45","5","26","2","1","1","1","45","45","45","4","0","S","2"
"106808749","23","3.019","2","40002205","40001103",".1","W","12/17/2021 15:17","5","21","2","1","1","1","45","10","10","4","0","W","1"
"106808749","23","3.019","2","40002205","40001103",".1","W","12/17/2021 15:17","5","21","2","1","1","1","45","0","0","1","0","W","2"
"106839126","23","4.601","2","40001103","30000180","0","","01/20/2022 07:57","5","24","2","2","1","1","45","0","15","8","19","E","1"
"106839126","23","4.601","2","40001103","30000180","0","","01/20/2022 07:57","5","24","2","2","1","1","45","45","45","4","0","N","2"
"106893683","23","4.601","2","40001103","30000180","0","","03/15/2022 11:33","5","24","2","1","1","1","45","35","25","8","19","E","1"
"106893683","23","4.601","2","40001103","30000180","0","","03/15/2022 11:33","5","24","2","1","1","1","45","45","10","11","0","S","2"
"107037107","23","4.601","1","40001103","30000180","0","","08/03/2022 22:43","5","19","2","1","5","13","45","45","45","7","20","N","1"
"107067627","23","4.592","1","40001103","30000180",".009","S","08/28/2022 00:08","5","19","2","1","5","13","45","45","45","4","14","S","1"
"107086689","23","4.601","2","40001103","30000180","0","N","09/13/2022 17:28","3","24","2","1","1","1","45","10","10","8","19","N","1"
"107086689","23","4.601","2","40001103","30000180","0","N","09/13/2022 17:28","3","24","2","1","1","1","45","45","35","4","0","S","2"
"107127945","23","4.601","2","40001103","30000180","0","","10/24/2022 20:40","5","24","2","1","5","1","45","25","25","8","19","S","1"
"107127945","23","4.601","2","40001103","30000180","0","","10/24/2022 20:40","5","24","2","1","5","1","45","55","55","4","0","N","2"
"107162484","23","4.601","2","40001103","30000180","0","","11/28/2022 16:16","5","21","2","1","1","13","45","45","40","4","8","N","1"
"107162484","23","4.601","2","40001103","30000180","0","","11/28/2022 16:16","5","21","2","1","1","13","45","0","0","1","0","N","2"
"107171393","23","4.601","2","40001103","30000226","0","","12/05/2022 15:11","5","24","2","2","1","1","45","5","10","8","19","W","1"
"107171393","23","4.601","2","40001103","30000226","0","","12/05/2022 15:11","5","24","2","2","1","1","45","45","45","4","0","N","2"
"107473530","23","4.601","2","40001103","30000180","0","","09/26/2023 17:58","5","25","2","1","1","1","45","10","5","7","19","NW","1"
"107473530","23","4.601","2","40001103","30000180","0","","09/26/2023 17:58","5","25","2","1","1","1","45","45","40","4","0","N","2"
"107503115","23","3.644","2","30000180","40001103","0","","10/24/2023 17:25","5","21","2","1","1","1","45","45","10","4","8","SE","1"
"107503115","23","3.644","2","30000180","40001103","0","","10/24/2023 17:25","5","21","2","1","1","1","45","0","0","1","0","SE","2"
"107790631","23","4.601","3","40001103","30000180","0","","07/16/2024 17:09","4","24","2","2","1","1","45","0","15","8","19","S","1"
"107790631","23","4.601","3","40001103","30000180","0","","07/16/2024 17:09","4","24","2","2","1","1","45","45","45","4","0","S","2"
"107790631","23","4.601","3","40001103","30000180","0","","07/16/2024 17:09","4","24","2","2","1","1","45","45","35","4","0","N","3"
"107915535","23","3.644","2","30000180","40001103","0","","11/08/2024 16:26","5","21","2","1","1","1","35","5","5","4","8","W","1"
"107915535","23","3.644","2","30000180","40001103","0","","11/08/2024 16:26","5","21","2","1","1","1","35","0","0","1","0","W","2"
"107960640","23","999.999","2","40001103","40001103","0","","12/15/2024 17:52","5","24","2","2","5","1","45","10","10","8","19","E","1"
"107960640","23","999.999","2","40001103","40001103","0","","12/15/2024 17:52","5","24","2","2","5","1","45","45","45","4","0","S","2"
"108045557","23","4.601","2","40001103","30000180","0","","03/07/2025 14:25","4","30","2","1","1","1","45","15","10","4","19","E","1"
"108045557","23","4.601","2","40001103","30000180","0","","03/07/2025 14:25","4","30","2","1","1","1","45","45","30","4","0","S","2"
"108120512","23","4.601","2","40001103","30000180","0","","05/19/2025 18:55","2","30","2","1","1","1","45","15","15","4","19","E","1"
"108120512","23","4.601","2","40001103","30000180","0","","05/19/2025 18:55","2","30","2","1","1","1","45","45","45","4","0","N","2"
"108353439","23","4.601","2","40001103","30000180","0","","12/16/2025 21:12","2","23","2","1","5","1","15","45","15","8","19","N","1"
"108353439","23","4.601","2","40001103","30000180","0","","12/16/2025 21:12","2","23","2","1","5","1","45","25","25","8","0","S","2"
"108387988","23","4.601","2","40001103","30000180","0","S","01/22/2026 15:02","4","30","2","1","1","1","45","10","10","4","19","E","1"
"108387988","23","4.601","2","40001103","30000180","0","S","01/22/2026 15:02","4","30","2","1","1","1","45","45","35","4","0","S","2"
"108431889","23","4.601","2","40001103","30000180","0","","03/14/2026 21:30","5","30","2","1","5","1","35","35","25","4","2","W","1"
"108431889","23","4.601","2","40001103","30000180","0","","03/14/2026 21:30","5","30","2","1","5","1","45","45","35","4","0","S","2"
"108453977","23","3.644","2","30000180","40001103","0","","03/23/2026 07:38","5","23","2","1","1","1","45","15","10","8","19","E","1"
"108453977","23","3.644","2","30000180","40001103","0","","03/23/2026 07:38","5","23","2","1","1","1","45","5","10","7","0","W","2"
"108502945","23","4.601","2","40001103","30000180","0","S","05/15/2026 15:00","5","30","2","1","1","1","45","35","35","4","26","S","1"
"108502945","23","4.601","2","40001103","30000180","0","S","05/15/2026 15:00","5","30","2","1","1","1","45","10","10","4","19","E","2"
"108564225","23","4.601","2","40001103","30000180","0","N","07/08/2026 08:58","3","30","2","1","1","1","45","45","45","4","0","N","1"
"108564225","23","4.601","2","40001103","30000180","0","N","07/08/2026 08:58","3","30","2","1","1","1","45","15","15","4","19","E","2"
